Product SKU;Product Name;Product URL;Description;Weight;Height;Width;Length;Featured Image
SIS-128;DUAL LANE FRONT LOAD MEGA WAVE SLIDE;http://35.161.218.27/wordpress/wordpress/index.php/product/dual-lane-front-load-mega-wave-slide/;"WEIGHT: 900LBS



HEIGHT: 25'



WIDTH: 17'



LENGTH: 43'";;;;;http://35.161.218.27/wordpress/wordpress/wp-content/uploads/2016/11/128.jpg
SIS-126;ISLAND TIME FRONT LOAD SLIDE;http://35.161.218.27/wordpress/wordpress/index.php/product/island-time-front-load-slide/;"WEIGHT: 335LBS



HEIGHT: 15'



WIDTH: 12'



LENGTH: 21'";;;;;http://35.161.218.27/wordpress/wordpress/wp-content/uploads/2016/11/126.jpg
SIS-125;BLUE FRONT LOAD SLIDE;http://35.161.218.27/wordpress/wordpress/index.php/product/blue-front-load-slide/;"WEIGHT: 335LBS



HEIGHT: 15'



WIDTH: 12'



LENGTH: 21'";;;;;http://35.161.218.27/wordpress/wordpress/wp-content/uploads/2016/11/125.jpg
SIS-124;AMERICAN STARS FRONT LOAD SLIDE;http://35.161.218.27/wordpress/wordpress/index.php/product/american-stars-front-load-slide/;"WEIGHT: 335LBS



HEIGHT: 15'



WIDTH: 12'



LENGTH: 21'";;;;;http://35.161.218.27/wordpress/wordpress/wp-content/uploads/2016/11/124.jpg
SIS-135;DUAL LANE MEGA CURVE SLIDE;http://35.161.218.27/wordpress/wordpress/index.php/product/dual-lane-mega-curve-slide/;"WEIGHT: 600LBS



HEIGHT: 18'



WIDTH: 22'



LENGTH: 25'";;;;;http://35.161.218.27/wordpress/wordpress/wp-content/uploads/2016/11/135.jpg
SIS-123;DUAL LANE MEGA WAVE SLIDE 2;http://35.161.218.27/wordpress/wordpress/index.php/product/dual-lane-mega-wave-slide-2/;"WEIGHT: 700LBS



HEIGHT: 18'



WIDTH: 17'



LENGTH: 35'";;;;;http://35.161.218.27/wordpress/wordpress/wp-content/uploads/2016/11/123.jpg
SIS-122;DUAL LANE MEGA WAVE SLIDE;http://35.161.218.27/wordpress/wordpress/index.php/product/dual-lane-mega-wave-slide/;"WEIGHT: 700LBS



HEIGHT: 18'



WIDTH: 17'



LENGTH: 35'";;;;;http://35.161.218.27/wordpress/wordpress/wp-content/uploads/2016/11/122-1.jpg
SIS-121;PIRATE SHIP SLIDE;http://35.161.218.27/wordpress/wordpress/index.php/product/pirate-ship-slide/;"WEIGHT: 525LBS



HEIGHT: 15'



WIDTH: 16'



LENGTH: 20'";;;;;http://35.161.218.27/wordpress/wordpress/wp-content/uploads/2016/11/121.jpg
SIS-120;PARTY FUN FRONT LOAD DUAL LANE SLIDE YELLOW;http://35.161.218.27/wordpress/wordpress/index.php/product/party-fun-front-load-dual-lane-slide-yellow/;"WEIGHT: 635LBS



HEIGHT: 18'



WIDTH: 19'



LENGTH: 25'";;;;;http://35.161.218.27/wordpress/wordpress/wp-content/uploads/2016/11/120.jpg
SIS-119;PARTY FUN FRONT LOAD DUAL LANE SLIDE AQUA;http://35.161.218.27/wordpress/wordpress/index.php/product/party-fun-front-load-dual-lane-slide-aqua/;"WEIGHT: 525LBS



HEIGHT: 16'



WIDTH: 19'



LENGTH: 21'";;;;;http://35.161.218.27/wordpress/wordpress/wp-content/uploads/2016/11/119.jpg
SIS-118;PARTY FUN FRONT LOAD DUAL LANE SLIDE RED;http://35.161.218.27/wordpress/wordpress/index.php/product/party-fun-front-load-dual-lane-slide-red/;"WEIGHT: 375LBS



HEIGHT: 12'



WIDTH: 0'



LENGTH: 17'



&nbsp;";;;;;http://35.161.218.27/wordpress/wordpress/wp-content/uploads/2016/11/118.jpg
SIS-117;FRONT LOAD DRAGON SLIDE;http://35.161.218.27/wordpress/wordpress/index.php/product/front-load-dragon-slide/;"WEIGHT: 370LBS



HEIGHT: 18'



WIDTH: 15'



LENGTH: 27'";;;;;http://35.161.218.27/wordpress/wordpress/wp-content/uploads/2016/11/117.jpg
SIS-116;FRONT LOAD CLOWN SLIDE;http://35.161.218.27/wordpress/wordpress/index.php/product/front-load-clown-slide/;"WEIGHT: 370LBS



HEIGHT: 18'



WIDTH: 15'



LENGTH: 27'";;;;;http://35.161.218.27/wordpress/wordpress/wp-content/uploads/2016/11/116.jpg
SIS-115;FRONT LOAD USA SLIDE;http://35.161.218.27/wordpress/wordpress/index.php/product/front-load-usa-slide/;"WEIGHT: 370LBS



HEIGHT: 16'



WIDTH: 15'



LENGTH: 27'";;;;;http://35.161.218.27/wordpress/wordpress/wp-content/uploads/2016/11/115.jpg
SIO-145;UNKNOWN INFLATABLE ##34;http://35.161.218.27/wordpress/wordpress/index.php/product/unknown-inflatable-34-2/;"WEIGHT: 1250LBS

HEIGHT: 18'

WIDTH: 30'

LENGTH: 40'";;;;;http://35.161.218.27/wordpress/wordpress/wp-content/uploads/2016/11/SIO-145.jpg
SIO-144;UNKNOWN INFLATABLE ##33;http://35.161.218.27/wordpress/wordpress/index.php/product/unknown-inflatable-33-2/;"WEIGHT: 1250LBS

HEIGHT: 18'

WIDTH: 30'

LENGTH: 40'";;;;;http://35.161.218.27/wordpress/wordpress/wp-content/uploads/2016/11/SIO-144.jpg
;UNKNOWN INFLATABLE ##32;http://35.161.218.27/wordpress/wordpress/index.php/product/unknown-inflatable-32-3/;"WEIGHT: 1250LBS

HEIGHT: 18'

WIDTH: 30'

LENGTH: 40'";;;;;http://35.161.218.27/wordpress/wordpress/wp-content/uploads/2016/11/SIO-143-2.jpg
SIS-114;DINO SLIDE;http://35.161.218.27/wordpress/wordpress/index.php/product/dino-slide/;"WEIGHT: 550LBS



HEIGHT: 20'



WIDTH: 16'



LENGTH: 30'



&nbsp;";;;;;http://35.161.218.27/wordpress/wordpress/wp-content/uploads/2016/11/114.jpg
SIS-112;DUAL LANE FRONT LOAD SUPER SLIDE HALF & HALF;http://35.161.218.27/wordpress/wordpress/index.php/product/dual-lane-front-load-super-slide-half-half/;"WEIGHT: 650LBS



HEIGHT: 22'



WIDTH: 18'



LENGTH: 28'";;;;;http://35.161.218.27/wordpress/wordpress/wp-content/uploads/2016/11/112.jpg
SIS-111;FRONT LOAD DUAL LANE SUPER SLIDE GREEN;http://35.161.218.27/wordpress/wordpress/index.php/product/front-load-dual-lane-super-slide-green/;"WEIGHT: 650LBS



HEIGHT: 22'



WIDTH: 14'



LENGTH: 28'";;;;;http://35.161.218.27/wordpress/wordpress/wp-content/uploads/2016/11/111.jpg
SIS-104;FRONT LOAD SUPER SLIDE RED;http://35.161.218.27/wordpress/wordpress/index.php/product/front-load-super-slide-red/;"WEIGHT: 275LBS



HEIGHT: 16'



WIDTH: 12'



LENGTH: 20'";;;;;http://35.161.218.27/wordpress/wordpress/wp-content/uploads/2016/11/104-1.jpg
SIS-107;FRONT LOAD SUPER SLIDE ORANGE;http://35.161.218.27/wordpress/wordpress/index.php/product/front-load-super-slide-orange/;"WEIGHT: 275LBS



HEIGHT: 16'



WIDTH: 12'



LENGTH: 20'";;;;;http://35.161.218.27/wordpress/wordpress/wp-content/uploads/2016/11/107.jpg
SIS-108;FRONT LOAD SUPER SLIDE GREEN;http://35.161.218.27/wordpress/wordpress/index.php/product/front-load-super-slide-green/;"WEIGHT: 275LBS



HEIGHT: 16'



WIDTH: 12'



LENGTH: 20'";;;;;http://35.161.218.27/wordpress/wordpress/wp-content/uploads/2016/11/108.jpg
SIS-113;SINGLE LANE SUPER SLIDE RED;http://35.161.218.27/wordpress/wordpress/index.php/product/single-lane-super-slide-red/;"WEIGHT: 275LBS



HEIGHT: 16'



WIDTH: 12'



LENGTH: 20'";;;;;http://35.161.218.27/wordpress/wordpress/wp-content/uploads/2016/11/113.jpg
SIO-143;UNKNOWN INFLATABLE ##32;http://35.161.218.27/wordpress/wordpress/index.php/product/unknown-inflatable-32-2/;"WEIGHT: 1250LBS

HEIGHT: 18'

WIDTH: 30'

LENGTH: 40'";;;;;http://35.161.218.27/wordpress/wordpress/wp-content/uploads/2016/11/SIO-143-1.jpg
SIO-142;UNKNOWN INFLATABLE ##31;http://35.161.218.27/wordpress/wordpress/index.php/product/unknown-inflatable-31-2/;"WEIGHT: 1250LBS

HEIGHT: 18'

WIDTH: 30'

LENGTH: 40'";;;;;http://35.161.218.27/wordpress/wordpress/wp-content/uploads/2016/11/SIO-142-1.jpg
SIO-132;UNKNOWN INFLATABLE # 103;http://35.161.218.27/wordpress/wordpress/index.php/product/unknown-inflatable-103/;"WEIGHT: 1300LBS

HEIGHT: 18'

WIDTH: 11'

LENGTH: 106'";;;;;http://35.161.218.27/wordpress/wordpress/wp-content/uploads/2016/11/sio-132.jpg
SIO-115;UNKNOWN INFLATABLE # 102;http://35.161.218.27/wordpress/wordpress/index.php/product/unknown-inflatable-102/;"WEIGHT: 700LBS

HEIGHT: 18'

WIDTH: 12'

LENGTH: 45'";;;;;http://35.161.218.27/wordpress/wordpress/wp-content/uploads/2016/11/sio-115.jpg
SIO-114;UNKNOWN INFLATABLE # 101;http://35.161.218.27/wordpress/wordpress/index.php/product/unknown-inflatable-101/;"WEIGHT: 700LBS

HEIGHT: 18'

WIDTH: 12'

LENGTH: 45'";;;;;http://35.161.218.27/wordpress/wordpress/wp-content/uploads/2016/11/sio-114.jpg
SIO-108;UNKNOWN INFLATABLE # 100;http://35.161.218.27/wordpress/wordpress/index.php/product/unknown-inflatable-100/;"WEIGHT: 630LBS

HEIGHT: 18'

WIDTH: 11'

LENGTH: 61'";;;;;http://35.161.218.27/wordpress/wordpress/wp-content/uploads/2016/11/sio-108.jpg
SIO-107;UNKNOWN INFLATABLE # 99;http://35.161.218.27/wordpress/wordpress/index.php/product/unknown-inflatable-99/;"WEIGHT: 630LBS

HEIGHT: 18'

WIDTH: 11'

LENGTH: 61'";;;;;http://35.161.218.27/wordpress/wordpress/wp-content/uploads/2016/11/sio-107.jpg
SIO-111;UNKNOWN INFLATABLE # 98;http://35.161.218.27/wordpress/wordpress/index.php/product/unknown-inflatable-98/;"WEIGHT: 630LBS

HEIGHT: 18'

WIDTH: 11'

LENGTH: 61'";;;;;http://35.161.218.27/wordpress/wordpress/wp-content/uploads/2016/11/sio-111.jpg
SIO-147;UNKNOWN INFLATABLE # 97;http://35.161.218.27/wordpress/wordpress/index.php/product/unknown-inflatable-97/;"WEIGHT: 300LBS

HEIGHT: 15'

WIDTH: 11'

LENGTH: 31'";;;;;http://35.161.218.27/wordpress/wordpress/wp-content/uploads/2016/11/sio-147.jpg
SIO-122;UNKNOWN INFLATABLE # 96;http://35.161.218.27/wordpress/wordpress/index.php/product/unknown-inflatable-96/;"WEIGHT: 300LBS

HEIGHT: 15'

WIDTH: 11'

LENGTH: 31'";;;;;http://35.161.218.27/wordpress/wordpress/wp-content/uploads/2016/11/sio-122.jpg
SIO-146;UNKNOWN INFLATABLE # 95;http://35.161.218.27/wordpress/wordpress/index.php/product/unknown-inflatable-95/;"WEIGHT: 300LBS

HEIGHT: 15'

WIDTH: 11'

LENGTH: 31'";;;;;http://35.161.218.27/wordpress/wordpress/wp-content/uploads/2016/11/sio-146.jpg
SIO-124;UNKNOWN INFLATABLE # 94;http://35.161.218.27/wordpress/wordpress/index.php/product/unknown-inflatable-94/;"WEIGHT: 300LBS

HEIGHT: 15'

WIDTH: 11'

LENGTH: 31'";;;;;http://35.161.218.27/wordpress/wordpress/wp-content/uploads/2016/11/sio-124.jpg
SIO-129;UNKNOWN INFLATABLE # 93;http://35.161.218.27/wordpress/wordpress/index.php/product/unknown-inflatable-93/;"WEIGHT: 300LBS

HEIGHT: 15'

WIDTH: 11'

LENGTH: 31'";;;;;http://35.161.218.27/wordpress/wordpress/wp-content/uploads/2016/11/sio-129.jpg
SIO-126;UNKNOWN INFLATABLE # 92;http://35.161.218.27/wordpress/wordpress/index.php/product/unknown-inflatable-92/;"WEIGHT: 375LBS

HEIGHT: 15'

WIDTH: 18'

LENGTH: 19'";;;;;http://35.161.218.27/wordpress/wordpress/wp-content/uploads/2016/11/sio-126.jpg
SIO-123;UNKNOWN INFLATABLE # 91;http://35.161.218.27/wordpress/wordpress/index.php/product/unknown-inflatable-91/;"WEIGHT: 375LBS

HEIGHT: 15'

WIDTH: 18'

LENGTH: 19'";;;;;http://35.161.218.27/wordpress/wordpress/wp-content/uploads/2016/11/sio-123.jpg
SIO-125;UNKNOWN INFLATABLE # 90;http://35.161.218.27/wordpress/wordpress/index.php/product/unknown-inflatable-90/;"WEIGHT: 375LBS

HEIGHT: 15'

WIDTH: 18'

LENGTH: 19'";;;;;http://35.161.218.27/wordpress/wordpress/wp-content/uploads/2016/11/sio-125.jpg
SIO-128;UNKNOWN INFLATABLE # 89;http://35.161.218.27/wordpress/wordpress/index.php/product/unknown-inflatable-89/;"WEIGHT: 375LBS

HEIGHT: 15'

WIDTH: 18'

LENGTH: 19'";;;;;http://35.161.218.27/wordpress/wordpress/wp-content/uploads/2016/11/sio-128.jpg
SIO-127;UNKNOWN INFLATABLE # 88;http://35.161.218.27/wordpress/wordpress/index.php/product/unknown-inflatable-88/;"WEIGHT: 375LBS

HEIGHT: 15'

WIDTH: 18'

LENGTH: 19'";;;;;http://35.161.218.27/wordpress/wordpress/wp-content/uploads/2016/11/sio-127.jpg
SISS-103;UNKNOWN INFLATABLE # 87;http://35.161.218.27/wordpress/wordpress/index.php/product/unknown-inflatable-87/;"WEIGHT: 290LBS

HEIGHT: 10'

WIDTH: 11'

LENGTH: 34'";;;;;http://35.161.218.27/wordpress/wordpress/wp-content/uploads/2016/11/siss-103.jpg
SISS-83;UNKNOWN INFLATABLE # 86;http://35.161.218.27/wordpress/wordpress/index.php/product/unknown-inflatable-86/;"WEIGHT: 175LBS

HEIGHT: 11'

WIDTH: 8'

LENGTH: 36'";;;;;http://35.161.218.27/wordpress/wordpress/wp-content/uploads/2016/11/siss-83.jpg
SISS-102;UNKNOWN INFLATABLE # 85;http://35.161.218.27/wordpress/wordpress/index.php/product/unknown-inflatable-85/;"WEIGHT: 175LBS

HEIGHT: 11'

WIDTH: 8'

LENGTH: 36'";;;;;http://35.161.218.27/wordpress/wordpress/wp-content/uploads/2016/11/siss-102.jpg
SISS-91-2;UNKNOWN INFLATABLE # 84;http://35.161.218.27/wordpress/wordpress/index.php/product/unknown-inflatable-84/;"WEIGHT: 290LBS

HEIGHT: 11'

WIDTH: 11'

LENGTH: 36'";;;;;http://35.161.218.27/wordpress/wordpress/wp-content/uploads/2016/11/siss-91-1.jpg
SISS-81;UNKNOWN INFLATABLE # 83;http://35.161.218.27/wordpress/wordpress/index.php/product/unknown-inflatable-83/;"WEIGHT: 290LBS

HEIGHT: 11'

WIDTH: 11'

LENGTH: 36'";;;;;http://35.161.218.27/wordpress/wordpress/wp-content/uploads/2016/11/siss-81.jpg
SISS-101;UNKNOWN INFLATABLE # 82;http://35.161.218.27/wordpress/wordpress/index.php/product/unknown-inflatable-82/;"WEIGHT: 890LBS

HEIGHT: 18'

WIDTH: 14'

LENGTH: 50'";;;;;http://35.161.218.27/wordpress/wordpress/wp-content/uploads/2016/11/siss-101.jpg
;UNKNOWN INFLATABLE ##31;http://35.161.218.27/wordpress/wordpress/index.php/product/unknown-inflatable-31-3/;"WEIGHT: 1250LBS

HEIGHT: 18'

WIDTH: 30'

LENGTH:40'";;;;;http://35.161.218.27/wordpress/wordpress/wp-content/uploads/2016/11/SIO-142-2.jpg
SIO-141;UNKNOWN INFLATABLE ##30;http://35.161.218.27/wordpress/wordpress/index.php/product/unknown-inflatable-30-2/;"WEIGHT: 575LBS

HEIGHT: 18'

WIDTH: 12'

LENGTH: 35'";;;;;http://35.161.218.27/wordpress/wordpress/wp-content/uploads/2016/11/SIO-141.jpg
;UNKNOWN INFLATABLE # 82;http://35.161.218.27/wordpress/wordpress/?post_type=product&p=596;"WEIGHT: 350LBS
HEIGHT: 14'
WIDTH: 12'
LENGTH: 36'";;;;;
;UNKNOWN INFLATABLE # 81;http://35.161.218.27/wordpress/wordpress/index.php/product/unknown-inflatable-81/;"WEIGHT: 275LBS

HEIGHT: 9'

WIDTH: 10'

LENGTH: 36'";;;;;http://35.161.218.27/wordpress/wordpress/wp-content/uploads/2016/11/siss-96-1.jpg
;UNKNOWN INFLATABLE # 80;http://35.161.218.27/wordpress/wordpress/index.php/product/unknown-inflatable-80/;"WEIGHT: 275LBS

HEIGHT: 9'

WIDTH: 10'

LENGTH: 36'";;;;;http://35.161.218.27/wordpress/wordpress/wp-content/uploads/2016/11/siss-96.jpg
;UNKNOWN INFLATABLE # 79;http://35.161.218.27/wordpress/wordpress/index.php/product/unknown-inflatable-79/;"WEIGHT: 275LBS

HEIGHT: 9'

WIDTH: 10'

LENGTH: 36'";;;;;http://35.161.218.27/wordpress/wordpress/wp-content/uploads/2016/11/siss-94.jpg
SISS-92-1;UNKNOWN INFLATABLE # 78;http://35.161.218.27/wordpress/wordpress/index.php/product/unknown-inflatable-78/;"WEIGHT: 275LBS

HEIGHT: 9'

WIDTH: 10'

LENGTH: 34'";;;;;http://35.161.218.27/wordpress/wordpress/wp-content/uploads/2016/11/siss-92.jpg
SISS-93-1;UNKNOWN INFLATABLE # 77;http://35.161.218.27/wordpress/wordpress/index.php/product/unknown-inflatable-77/;"WEIGHT: 275LBS

HEIGHT: 9'

WIDTH: 10'

LENGTH: 34'";;;;;http://35.161.218.27/wordpress/wordpress/wp-content/uploads/2016/11/siss-93.jpg
;UNKNOWN INFLATABLE # 76;http://35.161.218.27/wordpress/wordpress/index.php/product/unknown-inflatable-76/;"WEIGHT: 275LBS

HEIGHT: 9'

WIDTH: 10'

LENGTH: 36'";;;;;http://35.161.218.27/wordpress/wordpress/wp-content/uploads/2016/11/siss-98.jpg
SISS-91-1;UNKNOWN INFLATABLE # 75;http://35.161.218.27/wordpress/wordpress/index.php/product/unknown-inflatable-75/;"WEIGHT: 275LBS

HEIGHT: 9'

WIDTH: 10'

LENGTH: 36'";;;;;http://35.161.218.27/wordpress/wordpress/wp-content/uploads/2016/11/siss-91.jpg
;UNKNOWN INFLATABLE # 74;http://35.161.218.27/wordpress/wordpress/index.php/product/unknown-inflatable-74/;"WEIGHT: 150LBS

HEIGHT: 9'

WIDTH: 9'

LENGTH: 34'";;;;;http://35.161.218.27/wordpress/wordpress/wp-content/uploads/2016/11/siss-100.jpg
SISS-99-1;UNKNOWN INFLATABLE # 73;http://35.161.218.27/wordpress/wordpress/index.php/product/unknown-inflatable-73/;"WEIGHT: 150LBS

HEIGHT: 9'

WIDTH: 9'

LENGTH: 34'";;;;;http://35.161.218.27/wordpress/wordpress/wp-content/uploads/2016/11/siss-99.jpg
SIO-140;UNKNOWN INFLATABLE ##29;http://35.161.218.27/wordpress/wordpress/index.php/product/unknown-inflatable-29-2/;"WEIGHT: 325LBS

HEIGHT: 7'

WIDTH: 12'

LENGTH: 25'";;;;;http://35.161.218.27/wordpress/wordpress/wp-content/uploads/2016/11/SIO-140.jpg
SIO-139;UNKNOWN INFLATABLE ##28;http://35.161.218.27/wordpress/wordpress/index.php/product/unknown-inflatable-28-2/;"WEIGHT: 675LBS

HEIGHT: 12'

WIDTH: 10'

LENGTH: 40'";;;;;http://35.161.218.27/wordpress/wordpress/wp-content/uploads/2016/11/SIO-139.jpg
SIO-138;UNKNOWN INFLATABLE ##27;http://35.161.218.27/wordpress/wordpress/index.php/product/unknown-inflatable-27-2/;"WEIGHT: 900LBS

HEIGHT: 18'

WIDTH: 12'

LENGTH: 60'";;;;;http://35.161.218.27/wordpress/wordpress/wp-content/uploads/2016/11/SIO-138.jpg
SIO-137;UNKNOWN INFLATABLE ##26;http://35.161.218.27/wordpress/wordpress/index.php/product/unknown-inflatable-26-2/;"WEIGHT: 700LBS

HEIGHT: 7'

WIDTH: 12'

LENGTH: 55'";;;;;http://35.161.218.27/wordpress/wordpress/wp-content/uploads/2016/11/SIO-137.jpg
siws-204;UNKNOWN INFLATABLE # 72;http://35.161.218.27/wordpress/wordpress/index.php/product/unknown-inflatable-72/;"WEIGHT: 975LBS

HEIGHT: 28'

WIDTH: 15'

LENGTH: 71'";;;;;http://35.161.218.27/wordpress/wordpress/wp-content/uploads/2016/11/siws-204.jpg
SIO-135;UNKNOWN INFLATABLE ##25;http://35.161.218.27/wordpress/wordpress/index.php/product/unknown-inflatable-25-2/;"WEIGHT: 550LBS

HEIGHT: 17'

WIDTH: 10'

LENGTH: 40'";;;;;http://35.161.218.27/wordpress/wordpress/wp-content/uploads/2016/11/SIO-135.jpg
siws-203;UNKNOWN INFLATABLE # 71;http://35.161.218.27/wordpress/wordpress/index.php/product/unknown-inflatable-71/;"WEIGHT: 450LBS

HEIGHT: 16'

WIDTH: 15'

LENGTH: 23'";;;;;http://35.161.218.27/wordpress/wordpress/wp-content/uploads/2016/11/siws-203.jpg
SIO-136;UNKNOWN INFLATABLE ##24;http://35.161.218.27/wordpress/wordpress/index.php/product/unknown-inflatable-24-2/;"WEIGHT: 1250LBS

HEIGHT: 17'

WIDTH: 30'

LENGTH: 40'";;;;;http://35.161.218.27/wordpress/wordpress/wp-content/uploads/2016/11/SIO-136.jpg
siws-202;UNKNOWN INFLATABLE # 70;http://35.161.218.27/wordpress/wordpress/index.php/product/unknown-inflatable-70/;"WEIGHT: 390LBS

HEIGHT: 17'

WIDTH: 15'

LENGTH: 30'";;;;;http://35.161.218.27/wordpress/wordpress/wp-content/uploads/2016/11/siws-202.jpg
siws-201;UNKNOWN INFLATABLE # 69;http://35.161.218.27/wordpress/wordpress/index.php/product/unknown-inflatable-69/;"WEIGHT: 475LBS

HEIGHT: 17'

WIDTH: 15'

LENGTH: 40'";;;;;http://35.161.218.27/wordpress/wordpress/wp-content/uploads/2016/11/siws-201.jpg
siws-200;UNKNOWN INFLATABLE # 68;http://35.161.218.27/wordpress/wordpress/index.php/product/unknown-inflatable-68/;"WEIGHT: 885LBS

HEIGHT: 20'

WIDTH: 17'

LENGTH: 37'";;;;;http://35.161.218.27/wordpress/wordpress/wp-content/uploads/2016/11/siws-200.jpg
siws-179;22ft SoCal Tidal Wave;http://35.161.218.27/wordpress/wordpress/index.php/product/22ft-socal-tidal-wave/;"WEIGHT: 1050LBS

HEIGHT: 22'

WIDTH: 21'

LENGTH: 60'";;;;;http://35.161.218.27/wordpress/wordpress/wp-content/uploads/2016/11/siws-179.jpg
;22ft Large Two Lane;http://35.161.218.27/wordpress/wordpress/?post_type=product&p=567;"WEIGHT: 1050LBS
HEIGHT: 22'
WIDTH: 21'
LENGTH: 60'";;;;;
SISS-115;Extreme Super Tube Slip n Slide;http://35.161.218.27/wordpress/wordpress/index.php/product/extreme-super-tube-slip-n-slide/;"WEIGHT: 2675LBS

HEIGHT: 25'

WIDTH: 19'

LENGTH: 111'";;;;;http://35.161.218.27/wordpress/wordpress/wp-content/uploads/2016/11/SISS-115.jpg
siws-178;22ft Large Two Lane;http://35.161.218.27/wordpress/wordpress/index.php/product/22ft-large-two-lane/;"WEIGHT: 850LBS

HEIGHT: 18'

WIDTH: 15'

LENGTH: 32'";;;;;http://35.161.218.27/wordpress/wordpress/wp-content/uploads/2016/11/siws-178.jpg
siws-176;"22&#8242; Inflatable Backyard";http://35.161.218.27/wordpress/wordpress/index.php/product/22-inflatable-backyard/;"WEIGHT: 700LBS

HEIGHT: 22'

WIDTH: 12'

LENGTH: 32'";;;;;http://35.161.218.27/wordpress/wordpress/wp-content/uploads/2016/11/siws-176.jpg
siws-174;20ft Dolphin Water Side;http://35.161.218.27/wordpress/wordpress/index.php/product/20ft-dolphin-water-side/;"WEIGHT: 720LBS

HEIGHT: 20'

WIDTH: 11'

LENGTH: 38'";;;;;http://35.161.218.27/wordpress/wordpress/wp-content/uploads/2016/11/siws-174.jpg
siws-172;"20&#8242; Front Load/Two";http://35.161.218.27/wordpress/wordpress/index.php/product/20-front-loadtwo/;"WEIGHT: 850LBS

HEIGHT: 20'

WIDTH: 17'

LENGTH: 40'";;;;;http://35.161.218.27/wordpress/wordpress/wp-content/uploads/2016/11/siws-172.jpg
SIWS-161;18ft Moby Whale;http://35.161.218.27/wordpress/wordpress/index.php/product/18ft-moby-whale/;"WEIGHT: 650LBS

HEIGHT: 18'

WIDTH: 12'

LENGTH: 36'";;;;;http://35.161.218.27/wordpress/wordpress/wp-content/uploads/2016/11/siws-161.jpg
SIWS-160;18ft Double Lane;http://35.161.218.27/wordpress/wordpress/index.php/product/18ft-double-lane/;"WEIGHT: 800LBS

HEIGHT: 18'

WIDTH: 19'

LENGTH: 25'";;;;;http://35.161.218.27/wordpress/wordpress/wp-content/uploads/2016/11/siws-160.jpg
SIWS-159;18ft Dolphin Whale;http://35.161.218.27/wordpress/wordpress/index.php/product/18ft-dolphin-whale/;"WEIGHT: 650LBS

HEIGHT: 18'

WIDTH: 11'

LENGTH: 36'";;;;;http://35.161.218.27/wordpress/wordpress/wp-content/uploads/2016/11/siws-159.jpg
SIWS-158;18ft Dolphin Inflatable;http://35.161.218.27/wordpress/wordpress/index.php/product/18ft-dolphin-inflatable/;"WEIGHT: 650LBS

HEIGHT: 18'

WIDTH: 11'

LENGTH: 36'";;;;;http://35.161.218.27/wordpress/wordpress/wp-content/uploads/2016/11/siws-158.jpg
SIWS-155;"18&#8242; SoCal Rainbow";http://35.161.218.27/wordpress/wordpress/index.php/product/18-socal-rainbow/;"WEIGHT: 600LBS

HEIGHT: 18'

WIDTH: 11'

LENGTH: 36'";;;;;http://35.161.218.27/wordpress/wordpress/wp-content/uploads/2016/11/siws-155.jpg
SIWS-148;"18&#8242; Inflatable Ocean";http://35.161.218.27/wordpress/wordpress/index.php/product/18-inflatable-ocean/;"WEIGHT: 650LBS

HEIGHT: 16'

WIDTH: 14'

LENGTH: 25'";;;;;http://35.161.218.27/wordpress/wordpress/wp-content/uploads/2016/11/siws-148.jpg
SIWS-147;"18&#8242; Inflatable Dual";http://35.161.218.27/wordpress/wordpress/index.php/product/18-inflatable-dual/;"WEIGHT: 950LBS

HEIGHT: 18'

WIDTH: 16'

LENGTH: 25'";;;;;http://35.161.218.27/wordpress/wordpress/wp-content/uploads/2016/11/siws-147.jpg
SIWS-146;"18&#8242; Inflatable Backyard";http://35.161.218.27/wordpress/wordpress/index.php/product/18-inflatable-backyard/;"WEIGHT: 650LBS

HEIGHT: 18'

WIDTH: 12'

LENGTH: 25'";;;;;http://35.161.218.27/wordpress/wordpress/wp-content/uploads/2016/11/siws-146.jpg
SIWS-130;16ft Niagara Falls Water;http://35.161.218.27/wordpress/wordpress/index.php/product/16ft-niagara-falls-water/;"WEIGHT: 350LBS

HEIGHT: 16'

WIDTH: 12'

LENGTH: 30'";;;;;http://35.161.218.27/wordpress/wordpress/wp-content/uploads/2016/11/siws-130.jpg
SIWS-129;16ft Double Lane;http://35.161.218.27/wordpress/wordpress/index.php/product/16ft-double-lane/;"WEIGHT: 725LBS

HEIGHT: 16'

WIDTH: 19'

LENGTH: 21'";;;;;http://35.161.218.27/wordpress/wordpress/wp-content/uploads/2016/11/siws-129.jpg
SIWS-128;16ft Dolphin Wave;http://35.161.218.27/wordpress/wordpress/index.php/product/16ft-dolphin-wave/;"WEIGHT: 350LBS

HEIGHT: 16'

WIDTH: 11'

LENGTH: 32'";;;;;http://35.161.218.27/wordpress/wordpress/wp-content/uploads/2016/11/siws-128.jpg
SIWS-127;"16&#8242; Tropical Rear";http://35.161.218.27/wordpress/wordpress/index.php/product/16-tropical-rear/;"WEIGHT: 380LBS

HEIGHT: 16'

WIDTH: 12'

LENGTH: 30'";;;;;http://35.161.218.27/wordpress/wordpress/wp-content/uploads/2016/11/siws-127.jpg
SIWS-124;"16&#8242; Rainbow Tropical";http://35.161.218.27/wordpress/wordpress/index.php/product/16-rainbow-tropical/;"WEIGHT: 350LBS

HEIGHT: 16'

WIDTH: 12'

LENGTH: 21'";;;;;http://35.161.218.27/wordpress/wordpress/wp-content/uploads/2016/11/siws-124.jpg
SIWS-122;"16&#8242; Infatable Rainbow";http://35.161.218.27/wordpress/wordpress/index.php/product/16-infatable-rainbow/;"WEIGHT: 350LBS

HEIGHT: 16'

WIDTH: 12'

LENGTH: 21'";;;;;http://35.161.218.27/wordpress/wordpress/wp-content/uploads/2016/11/siws-122.jpg
SIWS-121;"16&#8242; Inflatable Backyard";http://35.161.218.27/wordpress/wordpress/index.php/product/16-inflatable-backyard/;"WEIGHT: 350LBS

HEIGHT: 16'

WIDTH: 12'

LENGTH: 21'";;;;;http://35.161.218.27/wordpress/wordpress/wp-content/uploads/2016/11/siws-121.jpg
SIWS-100;"12&#8242; Inflatable Ultra Light";http://35.161.218.27/wordpress/wordpress/index.php/product/12-inflatable-ultra-light/;"WEIGHT: 250LBS

HEIGHT: 12'

WIDTH: 11'

LENGTH: 27'";;;;;http://35.161.218.27/wordpress/wordpress/wp-content/uploads/2016/11/siws-100.jpg
;UNKNOWN INFLATABLE ##23;http://35.161.218.27/wordpress/wordpress/index.php/product/unknown-inflatable-23-2/;"WEIGHT: 125LBS

HEIGHT: 8'

WIDTH: 8'

LENGTH: 20'";;;;;http://35.161.218.27/wordpress/wordpress/wp-content/uploads/2016/11/SISS-114-1.jpg
;UNKNOWN INFLATABLE ##21;http://35.161.218.27/wordpress/wordpress/?post_type=product&p=542;;;;;;
;UNKNOWN INFLATABLE ##22;http://35.161.218.27/wordpress/wordpress/index.php/product/unknown-inflatable-22-2/;"WEIGHT: 125LBS

HEIGHT: 8'

WIDTH: 8'

LENGTH: 20'";;;;;http://35.161.218.27/wordpress/wordpress/wp-content/uploads/2016/11/SISS-113-1.jpg
;SINGLE LANE FRONT LOAD SUPER SLIDE ORANGE;http://35.161.218.27/wordpress/wordpress/?post_type=product&p=538;"WEIGHT: 275LBS

HEIGHT: 16'

WIDTH: 12'

LENGTH: 20'";;;;;
;UNKNOWN INFLATABLE ##21;http://35.161.218.27/wordpress/wordpress/index.php/product/unknown-inflatable-21-2/;"WEIGHT: 125LBS

HEIGHT: 8'

WIDTH: 8'

LENGTH: 20'";;;;;http://35.161.218.27/wordpress/wordpress/wp-content/uploads/2016/11/SISS-112-2.jpg
SISS-96-1;UNKNOWN INFLATABLE # 67;http://35.161.218.27/wordpress/wordpress/index.php/product/unknown-inflatable-67/;"WEIGHT: 350LBS

HEIGHT: 14'

WIDTH: 12'

LENGTH: 36'";;;;;http://35.161.218.27/wordpress/wordpress/wp-content/uploads/2016/11/siss-96-1.jpg
SISS-96;UNKNOWN INFLATABLE # 66;http://35.161.218.27/wordpress/wordpress/index.php/product/unknown-inflatable-66/;"WEIGHT: 275LBS

HEIGHT: 9'

WIDTH: 9'

LENGTH: 36'";;;;;http://35.161.218.27/wordpress/wordpress/wp-content/uploads/2016/11/siss-96.jpg
SISS-94;UNKNOWN INFLATABLE # 65;http://35.161.218.27/wordpress/wordpress/index.php/product/unknown-inflatable-65/;"WEIGHT: 275LBS

HEIGHT: 9'

WIDTH: 10'

LENGTH: 36'";;;;;http://35.161.218.27/wordpress/wordpress/wp-content/uploads/2016/11/siss-94.jpg
;Dragon Slip n Slide;http://35.161.218.27/wordpress/wordpress/index.php/product/dragon-slip-n-slide/;"WEIGHT: 185LBS

HEIGHT: 10'

WIDTH: 8'

LENGTH: 28'";;;;;http://35.161.218.27/wordpress/wordpress/wp-content/uploads/2016/11/SISS-112-1.jpg
SIS-101;DUAL LANE FRONT LOAD SUPER SLIDE;http://35.161.218.27/wordpress/wordpress/index.php/product/dual-lane-front-load-super-slide/;"WEIGHT: 700LBS



HEIGHT: 20'



WIDTH: 17'



LENGTH: 40'";;;;;http://35.161.218.27/wordpress/wordpress/wp-content/uploads/2016/11/bacatalog_2014-114.jpg
SISS-114;UNKNOWN INFLATABLE ##20;http://35.161.218.27/wordpress/wordpress/index.php/product/unknown-inflatable-20-2/;"WEIGHT: 125LBS

HEIGHT: 8'

WIDTH: 8'

LENGTH: 20'";;;;;http://35.161.218.27/wordpress/wordpress/wp-content/uploads/2016/11/SISS-114.jpg
SISS-92;UNKNOWN INFLATABLE # 64;http://35.161.218.27/wordpress/wordpress/index.php/product/unknown-inflatable-64/;"WEIGHT: 275LBS

HEIGHT: 9'

WIDTH: 10'

LENGTH: 34'";;;;;http://35.161.218.27/wordpress/wordpress/wp-content/uploads/2016/11/siss-92.jpg
SISS-93;UNKNOWN INFLATABLE # 63;http://35.161.218.27/wordpress/wordpress/index.php/product/unknown-inflatable-63/;"WEIGHT: 275LBS

HEIGHT: 9'

WIDTH: 10'

LENGTH: 34'";;;;;http://35.161.218.27/wordpress/wordpress/wp-content/uploads/2016/11/siss-93.jpg
SISS-98;UNKNOWN INFLATABLE # 62;http://35.161.218.27/wordpress/wordpress/index.php/product/unknown-inflatable-62/;"WEIGHT: 275LBS

HEIGHT: 9'

WIDTH: 10'

LENGTH: 36'";;;;;http://35.161.218.27/wordpress/wordpress/wp-content/uploads/2016/11/siss-98.jpg
SISS-91;UNKNOWN INFLATABLE # 61;http://35.161.218.27/wordpress/wordpress/index.php/product/unknown-inflatable-61/;"WEIGHT: 275LBS

HEIGHT: 9'

WIDTH: 10'

LENGTH: 36'";;;;;http://35.161.218.27/wordpress/wordpress/wp-content/uploads/2016/11/siss-91.jpg
SISS-100;UNKNOWN INFLATABLE # 60;http://35.161.218.27/wordpress/wordpress/index.php/product/unknown-inflatable-60/;"WEIGHT: 150LBS

HEIGHT: 9'

WIDTH: 9'

LENGTH: 34'";;;;;http://35.161.218.27/wordpress/wordpress/wp-content/uploads/2016/11/siss-100.jpg
SIWS-219;UNKNOWN INFLATABLE # 59;http://35.161.218.27/wordpress/wordpress/index.php/product/unknown-inflatable-59/;"WEIGHT: 500LBS

HEIGHT: 18'

WIDTH: 12'

LENGTH: 25'";;;;;http://35.161.218.27/wordpress/wordpress/wp-content/uploads/2016/11/siws-219.jpg
SIWS-218;UNKNOWN INFLATABLE # 58;http://35.161.218.27/wordpress/wordpress/index.php/product/unknown-inflatable-58/;"WEIGHT: 500LBS

HEIGHT: 18'

WIDTH: 12'

LENGTH: 25'";;;;;http://35.161.218.27/wordpress/wordpress/wp-content/uploads/2016/11/siws-218.jpg
SIWS-216;UNKNOWN INFLATABLE # 57;http://35.161.218.27/wordpress/wordpress/index.php/product/unknown-inflatable-57/;"WEIGHT: 230LBS

HEIGHT: 12'

WIDTH: 8'

LENGTH: 22'";;;;;http://35.161.218.27/wordpress/wordpress/wp-content/uploads/2016/11/siws-216.jpg
SIWS-215;UNKNOWN INFLATABLE # 56;http://35.161.218.27/wordpress/wordpress/index.php/product/unknown-inflatable-56/;"WEIGHT: 225LBS

HEIGHT: 12'

WIDTH: 10'

LENGTH: 20'";;;;;http://35.161.218.27/wordpress/wordpress/wp-content/uploads/2016/11/siws-215.jpg
SIWS-214;UNKNOWN INFLATABLE # 55;http://35.161.218.27/wordpress/wordpress/index.php/product/unknown-inflatable-55/;"WEIGHT: 225LBS

HEIGHT: 12'

WIDTH: 10'

LENGTH: 20'";;;;;http://35.161.218.27/wordpress/wordpress/wp-content/uploads/2016/11/siws-214.jpg
SIWS-213;UNKNOWN INFLATABLE # 54;http://35.161.218.27/wordpress/wordpress/index.php/product/unknown-inflatable-54/;"WEIGHT: 500LBS

HEIGHT: 18'

WIDTH: 12'

LENGTH: 25'";;;;;http://35.161.218.27/wordpress/wordpress/wp-content/uploads/2016/11/siws-213.jpg
SIWS-212;UNKNOWN INFLATABLE # 53;http://35.161.218.27/wordpress/wordpress/index.php/product/unknown-inflatable-53/;"WEIGHT: 500LBS

HEIGHT: 18'

WIDTH: 12'

LENGTH: 25'";;;;;http://35.161.218.27/wordpress/wordpress/wp-content/uploads/2016/11/siws-212.jpg
SIWS-211;UNKNOWN INFLATABLE # 52;http://35.161.218.27/wordpress/wordpress/index.php/product/unknown-inflatable-52/;"WEIGHT: 575LBS

HEIGHT: 18'

WIDTH: 14'

LENGTH: 24'";;;;;http://35.161.218.27/wordpress/wordpress/wp-content/uploads/2016/11/siws-211.jpg
SIWS-210;UNKNOWN INFLATABLE # 51;http://35.161.218.27/wordpress/wordpress/index.php/product/unknown-inflatable-51/;"WEIGHT: 575LBS

HEIGHT: 18'

WIDTH: 14'

LENGTH: 24'";;;;;http://35.161.218.27/wordpress/wordpress/wp-content/uploads/2016/11/siws-210.jpg
SIWS-209;UNKNOWN INFLATABLE # 50;http://35.161.218.27/wordpress/wordpress/index.php/product/unknown-inflatable-50/;"WEIGHT: 575LBS

HEIGHT: 18'

WIDTH: 14'

LENGTH: 24'";;;;;http://35.161.218.27/wordpress/wordpress/wp-content/uploads/2016/11/siws-209.jpg
SIWS-208;UNKNOWN INFLATABLE # 49;http://35.161.218.27/wordpress/wordpress/index.php/product/unknown-inflatable-49/;"WEIGHT: 390LBS

HEIGHT: 18'

WIDTH: 12'

LENGTH: 24'";;;;;http://35.161.218.27/wordpress/wordpress/wp-content/uploads/2016/11/siws-208.jpg
SIWS-207;UNKNOWN INFLATABLE # 48;http://35.161.218.27/wordpress/wordpress/index.php/product/unknown-inflatable-48/;"WEIGHT: 390LBS

HEIGHT: 18'

WIDTH: 12'

LENGTH: 24'";;;;;http://35.161.218.27/wordpress/wordpress/wp-content/uploads/2016/11/siws-207.jpg
SIWS-206;UNKNOWN INFLATABLE # 47;http://35.161.218.27/wordpress/wordpress/index.php/product/unknown-inflatable-47/;"WEIGHT: 390LBS

HEIGHT: 18'

WIDTH: 12'

LENGTH: 24'";;;;;http://35.161.218.27/wordpress/wordpress/wp-content/uploads/2016/11/siws-206.jpg
SIWS-205;UNKNOWN INFLATABLE # 46;http://35.161.218.27/wordpress/wordpress/index.php/product/unknown-inflatable-46/;"WEIGHT: 390LBS

HEIGHT: 18'

WIDTH: 12'

LENGTH: 24'";;;;;http://35.161.218.27/wordpress/wordpress/wp-content/uploads/2016/11/siws-205.jpg
SISS-113;UNKNOWN INFLATABLE ##19;http://35.161.218.27/wordpress/wordpress/index.php/product/unknown-inflatable-19/;"WEIGHT: 125LBS

HEIGHT: 8'

WIDTH: 8'

LENGTH: 20'";;;;;http://35.161.218.27/wordpress/wordpress/wp-content/uploads/2016/11/SISS-113.jpg
SISS-112;UNKNOWN INFLATABLE ##18;http://35.161.218.27/wordpress/wordpress/index.php/product/unknown-inflatable-18-2/;"WEIGHT: 125LBS

HEIGHT: 8'

WIDTH: 8'

LENGTH: 20'";;;;;http://35.161.218.27/wordpress/wordpress/wp-content/uploads/2016/11/SISS-112.jpg
SIS-136;BACK-TO-BACK SLIDE;http://35.161.218.27/wordpress/wordpress/index.php/product/back-to-back-slide/;"WEIGHT: 500LBS



HEIGHT: 18'



WIDTH: 12'



LENGTH: 35'



&nbsp;";;;;;http://35.161.218.27/wordpress/wordpress/wp-content/uploads/2016/11/bacatalog_2014-113a.jpg
SISS-110;Wave Slip n Slide;http://35.161.218.27/wordpress/wordpress/index.php/product/unknown-inflatable-17-2/;"WEIGHT: 175LBS

HEIGHT: 8'

WIDTH: 8'

LENGTH: 28'";;;;;http://35.161.218.27/wordpress/wordpress/wp-content/uploads/2016/11/SISS-110.jpg
SISS-111;Island Slip n Slide;http://35.161.218.27/wordpress/wordpress/index.php/product/unknown-inflatable-16-2/;"WEIGHT: 175LBS

HEIGHT: 8'

WIDTH: 8'

LENGTH: 28'";;;;;http://35.161.218.27/wordpress/wordpress/wp-content/uploads/2016/11/SISS-111.jpg
SISS-99;UNKNOWN INFLATABLE # 45;http://35.161.218.27/wordpress/wordpress/index.php/product/unknown-inflatable-45/;"WEIGHT: 150LBS

HEIGHT: 9'

WIDTH: 9'

LENGTH: 34'";;;;;http://35.161.218.27/wordpress/wordpress/wp-content/uploads/2016/11/siss-99.jpg
SIWS-123;UNKNOWN INFLATABLE # 44;http://35.161.218.27/wordpress/wordpress/index.php/product/unknown-inflatable-44/;"WEIGHT: 385LBS

HEIGHT: 16'

WIDTH: 15'

LENGTH: 20'";;;;;http://35.161.218.27/wordpress/wordpress/wp-content/uploads/2016/11/siws-123.jpg
SIWS-164;UNKNOWN INFLATABLE # 43;http://35.161.218.27/wordpress/wordpress/index.php/product/unknown-inflatable-43/;"WEIGHT: 750LBS

HEIGHT: 19'

WIDTH: 18'

LENGTH: 60'";;;;;http://35.161.218.27/wordpress/wordpress/wp-content/uploads/2016/11/siws164.jpg
SIWS-163;UNKNOWN INFLATABLE # 42;http://35.161.218.27/wordpress/wordpress/index.php/product/unknown-inflatable-42/;"WEIGHT: 825LBS

HEIGHT: 19'

WIDTH: 18'

LENGTH: 67'";;;;;http://35.161.218.27/wordpress/wordpress/wp-content/uploads/2016/11/siws-163.jpg
siws-175;UNKNOWN INFLATABLE # 41;http://35.161.218.27/wordpress/wordpress/index.php/product/unknown-inflatable-41/;"WEIGHT: 800LBS

HEIGHT: 22'

WIDTH: 12'

LENGTH: 65'";;;;;http://35.161.218.27/wordpress/wordpress/wp-content/uploads/2016/11/siws-175.jpg
siws-173;UNKNOWN INFLATABLE # 40;http://35.161.218.27/wordpress/wordpress/index.php/product/unknown-inflatable-40/;"WEIGHT: 800LBS

HEIGHT: 20'

WIDTH: 12'

LENGTH: 65'";;;;;http://35.161.218.27/wordpress/wordpress/wp-content/uploads/2016/11/siws-173.jpg
siws-135;UNKNOWN INFLATABLE # 39;http://35.161.218.27/wordpress/wordpress/index.php/product/unknown-inflatable-39/;"WEIGHT: 550LBS

HEIGHT: 18'

WIDTH: 12'

LENGTH: 35'";;;;;http://35.161.218.27/wordpress/wordpress/wp-content/uploads/2016/11/siws-135.jpg
siws-108-2;UNKNOWN INFLATABLE # 38;http://35.161.218.27/wordpress/wordpress/index.php/product/unknown-inflatable-38/;"WEIGHT: 500LBS

HEIGHT: 18'

WIDTH: 11'

LENGTH: 37'";;;;;http://35.161.218.27/wordpress/wordpress/wp-content/uploads/2016/11/siws-108-2.jpg
siws-139-1;UNKNOWN INFLATABLE # 37;http://35.161.218.27/wordpress/wordpress/index.php/product/unknown-inflatable-37/;"WEIGHT: 550LBS

HEIGHT: 18'

WIDTH: 12'

LENGTH: 35'";;;;;http://35.161.218.27/wordpress/wordpress/wp-content/uploads/2016/11/siws-139-1.jpg
siws-115-1;UNKNOWN INFLATABLE # 36;http://35.161.218.27/wordpress/wordpress/index.php/product/unknown-inflatable-36/;"WEIGHT: 800LBS

HEIGHT: 22'

WIDTH: 13'

LENGTH: 62'";;;;;http://35.161.218.27/wordpress/wordpress/wp-content/uploads/2016/11/siws-115-1.jpg
SISS-107;UNKNOWN INFLATABLE ##15;http://35.161.218.27/wordpress/wordpress/index.php/product/unknown-inflatable-14-3/;"WEIGHT: 290LBS

HEIGHT: 10'

WIDTH: 11'

LENGTH: 34'";;;;;http://35.161.218.27/wordpress/wordpress/wp-content/uploads/2016/11/SISS-107.jpg
SISS-106;UNKNOWN INFLATABLE ##14;http://35.161.218.27/wordpress/wordpress/index.php/product/unknown-inflatable-14-2/;"WEIGHT: 290LBS

HEIGHT: 11'

WIDTH: 11'

LENGTH: 34'";;;;;http://35.161.218.27/wordpress/wordpress/wp-content/uploads/2016/11/SISS-106.jpg
SISS-78;UNKNOWN INFLATABLE ##13;http://35.161.218.27/wordpress/wordpress/index.php/product/unknown-inflatable-13-3/;"WEIGHT: 200LBS

HEIGHT: 8'

WIDTH: 15'

LENGTH: 30'";;;;;http://35.161.218.27/wordpress/wordpress/wp-content/uploads/2016/11/SISS-78.jpg
SISS-105;UNKNOWN INFLATABLE ##13;http://35.161.218.27/wordpress/wordpress/index.php/product/unknown-inflatable-13-2/;"WEIGHT: 290LBS

HEIGHT: 11'

WIDTH: 8'

LENGTH: 36'";;;;;http://35.161.218.27/wordpress/wordpress/wp-content/uploads/2016/11/SISS-105.jpg
SIWS-182;UNKNOWN INFLATABLE # 35;http://35.161.218.27/wordpress/wordpress/index.php/product/unknown-inflatable-35/;"WEIGHT: 1200LBS

HEIGHT: 25'

WIDTH: 17'

LENGTH: 43'";;;;;http://35.161.218.27/wordpress/wordpress/wp-content/uploads/2016/11/siws-182.jpg
SIWS-169;UNKNOWN INFLATABLE # 34;http://35.161.218.27/wordpress/wordpress/index.php/product/unknown-inflatable-34/;"WEIGHT: 850LBS

HEIGHT: 18'

WIDTH: 17'

LENGTH: 43'";;;;;http://35.161.218.27/wordpress/wordpress/wp-content/uploads/2016/11/siws-169.jpg
SISS-76;UNKNOWN INFLATABLE ##12;http://35.161.218.27/wordpress/wordpress/index.php/product/unknown-inflatable-12-3/;"WEIGHT: 290LBS

HEIGHT: 11'

WIDTH: 11'

LENGTH: 36'";;;;;http://35.161.218.27/wordpress/wordpress/wp-content/uploads/2016/11/SISS-76.jpg
SISS-79;UNKNOWN INFLATABLE ##12;http://35.161.218.27/wordpress/wordpress/index.php/product/unknown-inflatable-12-2/;"WEIGHT: 290LBS

HEIGHT: 10'

WIDTH: 11'

LENGTH: 36'";;;;;http://35.161.218.27/wordpress/wordpress/wp-content/uploads/2016/11/SISS-79.jpg
SISS-104;Double Lane Super Slip And Slide;http://35.161.218.27/wordpress/wordpress/index.php/product/unknown-inflatable-11-2/;"WEIGHT: 350LBS

HEIGHT: 30'

WIDTH: 18'

LENGTH: 96'";;;;;http://35.161.218.27/wordpress/wordpress/wp-content/uploads/2016/11/SISS-104.jpg
SIWS-168;UNKNOWN INFLATABLE # 33;http://35.161.218.27/wordpress/wordpress/index.php/product/unknown-inflatable-33/;"WEIGHT: 850LBS

HEIGHT: 19'

WIDTH: 17'

LENGTH: 43'";;;;;http://35.161.218.27/wordpress/wordpress/wp-content/uploads/2016/11/siws-168.jpg
SIWS-108-1;UNKNOWN INFLATABLE # 32;http://35.161.218.27/wordpress/wordpress/index.php/product/unknown-inflatable-32/;"WEIGHT: 500LBS

HEIGHT: 18'

WIDTH: 10'

LENGTH: 43'";;;;;http://35.161.218.27/wordpress/wordpress/wp-content/uploads/2016/11/siws-108-1.jpg
;UNKNOWN INFLATABLE # 31;http://35.161.218.27/wordpress/wordpress/index.php/product/unknown-inflatable-31/;"WEIGHT: 550LBS

HEIGHT: 18'

WIDTH: 12'

LENGTH: 35'";;;;;http://35.161.218.27/wordpress/wordpress/wp-content/uploads/2016/11/siws-156.jpg
SIWS-103;UNKNOWN INFLATABLE # 30;http://35.161.218.27/wordpress/wordpress/index.php/product/unknown-inflatable-30/;"WEIGHT: 330LBS

HEIGHT: 15'

WIDTH: 10'

LENGTH: 28'";;;;;http://35.161.218.27/wordpress/wordpress/wp-content/uploads/2016/11/siws-103.jpg
SIWS-111;UNKNOWN INFLATABLE # 29;http://35.161.218.27/wordpress/wordpress/index.php/product/unknown-inflatable-29/;"WEIGHT: 330LBS

HEIGHT: 15'

WIDTH: 10'

LENGTH: 28'";;;;;http://35.161.218.27/wordpress/wordpress/wp-content/uploads/2016/11/siws-111.jpg
SIWS-104;UNKNOWN INFLATABLE # 28;http://35.161.218.27/wordpress/wordpress/index.php/product/unknown-inflatable-28/;"WEIGHT: 330LBS

HEIGHT: 15'

WIDTH: 10'

LENGTH: 28'";;;;;http://35.161.218.27/wordpress/wordpress/wp-content/uploads/2016/11/siws-104.jpg
SIWS-107;UNKNOWN INFLATABLE # 27;http://35.161.218.27/wordpress/wordpress/index.php/product/unknown-inflatable-27/;"WEIGHT: 330LBS

HEIGHT: 15'

WIDTH: 10'

LENGTH: 28'";;;;;http://35.161.218.27/wordpress/wordpress/wp-content/uploads/2016/11/siws-107.jpg
SIWS-108;UNKNOWN INFLATABLE # 26;http://35.161.218.27/wordpress/wordpress/index.php/product/unknown-inflatable-26/;"WEIGHT: 330LBS

HEIGHT: 15'

WIDTH: 10'

LENGTH: 28'";;;;;http://35.161.218.27/wordpress/wordpress/wp-content/uploads/2016/11/siws-108.jpg
SIWS-139;UNKNOWN INFLATABLE # 25;http://35.161.218.27/wordpress/wordpress/index.php/product/unknown-inflatable-25/;"WEIGHT: 550LBS

HEIGHT: 18'

WIDTH: 12'

LENGTH: 35'";;;;;http://35.161.218.27/wordpress/wordpress/wp-content/uploads/2016/11/siws-139.jpg
SIWS-115;UNKNOWN INFLATABLE # 24;http://35.161.218.27/wordpress/wordpress/index.php/product/unknown-inflatable-24/;"WEIGHT: 330LBS

HEIGHT: 15'

WIDTH: 10'

LENGTH: 28'";;;;;http://35.161.218.27/wordpress/wordpress/wp-content/uploads/2016/11/siws-115.jpg
;UNKNOWN INFLATABLE ##10;http://35.161.218.27/wordpress/wordpress/index.php/product/unknown-inflatable-10-2/;"WEIGHT: 649LBS

HEIGHT: 24'

WIDTH: 15'

LENGTH: 35'";;;;;http://35.161.218.27/wordpress/wordpress/wp-content/uploads/2016/11/SIWS-180-1.jpg
SIWS-105;UNKNOWN INFLATABLE ##9;http://35.161.218.27/wordpress/wordpress/index.php/product/unknown-inflatable-9-2/;"WEIGHT: 335LBS

HEIGHT: 15'

WIDTH: 10'

LENGTH: 28'";;;;;http://35.161.218.27/wordpress/wordpress/wp-content/uploads/2016/11/SIWS-105.jpg
SIWS-166;UNKNOWN INFLATABLE ##8;http://35.161.218.27/wordpress/wordpress/index.php/product/unknown-inflatable-8-2/;"WEIGHT: 550LBS

HEIGHT: 19'

WIDTH: 13'

LENGTH: 43'";;;;;http://35.161.218.27/wordpress/wordpress/wp-content/uploads/2016/11/SIWS-166.jpg
SIWS-180;UNKNOWN INFLATABLE ##7;http://35.161.218.27/wordpress/wordpress/index.php/product/unknown-inflatable-7-2/;"WEIGHT: 335LBS

HEIGHT: 15'

WIDTH: 12'

LENGTH: 21'";;;;;http://35.161.218.27/wordpress/wordpress/wp-content/uploads/2016/11/SIWS-180.jpg
SIS-100;PARK FUN DUAL LANE SLIDE;http://35.161.218.27/wordpress/wordpress/index.php/product/park-fun-dual-lane-slide/;"WEIGHT: 900LBS



HEIGHT: 22'



WIDTH: 17'



LENGTH: 34'";;;;;http://35.161.218.27/wordpress/wordpress/wp-content/uploads/2016/11/bacatalog_2014-113-copy.jpg
SIWS-132;UNKNOWN INFLATABLE ##6;http://35.161.218.27/wordpress/wordpress/index.php/product/unknown-inflatable-5-3/;"WEIGHT: 650LBS

HEIGHT: 17'

WIDTH: 12'

LENGTH: 31'";;;;;http://35.161.218.27/wordpress/wordpress/wp-content/uploads/2016/11/SIWS-132.jpg
SIWS-167;UNKNOWN INFLATABLE ##5;http://35.161.218.27/wordpress/wordpress/index.php/product/unknown-inflatable-5-2/;"WEIGHT: 650LBS

HEIGHT: 19'

WIDTH: 20'

LENGTH: 29'";;;;;http://35.161.218.27/wordpress/wordpress/wp-content/uploads/2016/11/SIWS-167.jpg
SIWS-183;UNKNOWN INFLATABLE ##4;http://35.161.218.27/wordpress/wordpress/index.php/product/unknown-inflatable-4-2/;"WEIGHT: 1200LBS

HEIGHT: 25'

WIDTH: 17'

LENGTH: 43'";;;;;http://35.161.218.27/wordpress/wordpress/wp-content/uploads/2016/11/SIWS-183.jpg
SIWS-162;UNKNOWN INFLATABLE ##3;http://35.161.218.27/wordpress/wordpress/index.php/product/unknown-inflatable-3-2/;"WEIGHT: 8500LBS

HEIGHT: 19'

WIDTH: 25'

LENGTH: 25'";;;;;http://35.161.218.27/wordpress/wordpress/wp-content/uploads/2016/11/SIWS-162.jpg
;UNKNOWN INFLATABLE ##2;http://35.161.218.27/wordpress/wordpress/index.php/product/unknown-inflatable-2-2/;"WEIGHT: 700LBS

HEIGHT: 18'

WIDTH: 17'

LENGTH: 35'";;;;;http://35.161.218.27/wordpress/wordpress/wp-content/uploads/2016/11/SIWS-126-1.jpg
SIWS-149;UNKNOWN INFLATABLE##1;http://35.161.218.27/wordpress/wordpress/index.php/product/unknown-inflatable1/;"WEIGHT: 600LBS

HEIGHT: 18'

WIDTH: 22'

LENGTH: 25'";;;;;http://35.161.218.27/wordpress/wordpress/wp-content/uploads/2016/11/SIWS-149.jpg
;UNKNOWN INFLATABLE;http://35.161.218.27/wordpress/wordpress/?post_type=product&p=343;;;;;;
SIG-121;UNKNOWN INFLATABLE #23;http://35.161.218.27/wordpress/wordpress/index.php/product/unknown-inflatable-23/;"WEIGHT: 495LBS

HEIGHT: 14'

WIDTH: 26'

LENGTH: 26'";;;;;http://35.161.218.27/wordpress/wordpress/wp-content/uploads/2016/11/sig-121.jpg
SIG-120;UNKNOWN INFLATABLE #22;http://35.161.218.27/wordpress/wordpress/index.php/product/unknown-inflatable-22/;"WEIGHT: 495LBS

HEIGHT: 14'

WIDTH: 26'

LENGTH: 26'";;;;;http://35.161.218.27/wordpress/wordpress/wp-content/uploads/2016/11/sig-120.jpg
;UNKNOWN INFLATABLE #21;http://35.161.218.27/wordpress/wordpress/index.php/product/unknown-inflatable-21/;"WEIGHT: 495LBS

HEIGHT: 14'

WIDTH: 26'

LENGTH: 26'";;;;;http://35.161.218.27/wordpress/wordpress/wp-content/uploads/2016/11/sig-119-1.jpg
SIG-118;UNKNOWN INFLATABLE #20;http://35.161.218.27/wordpress/wordpress/index.php/product/unknown-inflatable-20/;"WEIGHT: 135LBS

HEIGHT: 12'

WIDTH: 12'

LENGTH: 15'";;;;;http://35.161.218.27/wordpress/wordpress/wp-content/uploads/2016/11/sig-118-1.jpg
SIG-119;UNKNOWN INFLATABLE #19;http://35.161.218.27/wordpress/wordpress/index.php/product/unknown-inflatable-1926/;"WEIGHT: 365LBS

HEIGHT: 3'

WIDTH: 26'

LENGTH: 26'";;;;;http://35.161.218.27/wordpress/wordpress/wp-content/uploads/2016/11/sig-119.jpg
SIG-118-1;UNKNOWN INFLATABLE #18;http://35.161.218.27/wordpress/wordpress/index.php/product/unknown-inflatable-18/;"WEIGHT: 365LBS

HEIGHT: 3'

WIDTH: 26'

LENGTH: 26'";;;;;http://35.161.218.27/wordpress/wordpress/wp-content/uploads/2016/11/sig-118.jpg
SIG-117;UNKNOWN INFLATABLE #17;http://35.161.218.27/wordpress/wordpress/index.php/product/unknown-inflatable-17/;"WEIGHT: 235LBS

HEIGHT: 13'

WIDTH: 11'

LENGTH: 19'";;;;;http://35.161.218.27/wordpress/wordpress/wp-content/uploads/2016/11/sig-117.jpg
SIG-116;UNKNOWN INFLATABLE #16;http://35.161.218.27/wordpress/wordpress/index.php/product/unknown-inflatable-16/;"WEIGHT: 145LBS

HEIGHT: 7'

WIDTH: 16'

LENGTH: 25'";;;;;http://35.161.218.27/wordpress/wordpress/wp-content/uploads/2016/11/sig-116.jpg
SIG-115;UNKNOWN INFLATABLE #15;http://35.161.218.27/wordpress/wordpress/index.php/product/unknown-inflatable-15/;"WEIGHT: 135LBS

HEIGHT: 12'

WIDTH: 15'

LENGTH: 30'";;;;;http://35.161.218.27/wordpress/wordpress/wp-content/uploads/2016/11/sig-115.jpg
SIG-126;UNKNOWN INFLATABLE #14;http://35.161.218.27/wordpress/wordpress/index.php/product/unknown-inflatable-14/;"WEIGHT: 325LBS

HEIGHT: 13'

WIDTH: 11'

LENGTH: 25'";;;;;http://35.161.218.27/wordpress/wordpress/wp-content/uploads/2016/11/sig-126.jpg
SIG-125;UNKNOWN INFLATABLE #13;http://35.161.218.27/wordpress/wordpress/index.php/product/unknown-inflatable-13/;"WEIGHT: 375LBS

HEIGHT: 8'

WIDTH: 11'

LENGTH: 35'";;;;;http://35.161.218.27/wordpress/wordpress/wp-content/uploads/2016/11/sig-125.jpg
SIG-129;UNKNOWN INFLATABLE #12;http://35.161.218.27/wordpress/wordpress/index.php/product/unknown-inflatable-12/;"WEIGHT: 155LBS

HEIGHT: 10'

WIDTH: 5'

LENGTH: 5'";;;;;http://35.161.218.27/wordpress/wordpress/wp-content/uploads/2016/11/sig-129.jpg
SIG-128;UNKNOWN INFLATABLE #11;http://35.161.218.27/wordpress/wordpress/index.php/product/unknown-inflatable-11/;"WEIGHT: 155LBS

HEIGHT: 10'

WIDTH: 6'

LENGTH: 6'";;;;;http://35.161.218.27/wordpress/wordpress/wp-content/uploads/2016/11/sig-128.jpg
SIG-127;UNKNOWN INFLATABLE #10;http://35.161.218.27/wordpress/wordpress/index.php/product/unknown-inflatable-10/;"WEIGHT: 635LBS

HEIGHT: 8'

WIDTH: 30'

LENGTH: 50'";;;;;http://35.161.218.27/wordpress/wordpress/wp-content/uploads/2016/11/sig-127.jpg
SIG-124;UNKNOWN INFLATABLE #9;http://35.161.218.27/wordpress/wordpress/index.php/product/unknown-inflatable-9/;"WEIGHT: 155LBS

HEIGHT: 6'

WIDTH: 15'

LENGTH: 15'";;;;;http://35.161.218.27/wordpress/wordpress/wp-content/uploads/2016/11/sig-124.jpg
SIG-130;UNKNOWN INFLATABLE #8;http://35.161.218.27/wordpress/wordpress/index.php/product/unknown-inflatable-8/;"WEIGHT: 340LBS

HEIGHT: 8'

WIDTH: 20'

LENGTH: 20'";;;;;http://35.161.218.27/wordpress/wordpress/wp-content/uploads/2016/11/sig-130.jpg
SIG-123;UNKNOWN INFLATABLE #7;http://35.161.218.27/wordpress/wordpress/index.php/product/unknown-inflatable-7/;"WEIGHT: 145LBS

HEIGHT: 3'

WIDTH: 15'

LENGTH: 15'";;;;;http://35.161.218.27/wordpress/wordpress/wp-content/uploads/2016/11/sig-123.jpg
SIG-122;UNKNOWN INFLATABLE #6;http://35.161.218.27/wordpress/wordpress/index.php/product/unknown-inflatable-6/;"WEIGHT: 145LBS

HEIGHT: 3'

WIDTH: 15'

LENGTH: 15'";;;;;http://35.161.218.27/wordpress/wordpress/wp-content/uploads/2016/11/sig-122.jpg
SIG-114;UNKNOWN INFLATABLE #5;http://35.161.218.27/wordpress/wordpress/index.php/product/unknown-inflatable-5/;"WEIGHT: 235LBS

HEIGHT: 7'

WIDTH: 14'

LENGTH: 32'";;;;;http://35.161.218.27/wordpress/wordpress/wp-content/uploads/2016/11/sig-114.jpg
SIG-113;UNKNOWN INFLATABLE #4;http://35.161.218.27/wordpress/wordpress/index.php/product/unknown-inflatable-4/;"WEIGHT: 535LBS

HEIGHT: 8'

WIDTH: 15'

LENGTH: 35'";;;;;http://35.161.218.27/wordpress/wordpress/wp-content/uploads/2016/11/sig-113.jpg
SIG-112;UNKNOWN INFLATABLE #3;http://35.161.218.27/wordpress/wordpress/index.php/product/unknown-inflatable-3/;"WEIGHT: 525LBS

HEIGHT: 17'

WIDTH: 22'

LENGTH: 22'";;;;;http://35.161.218.27/wordpress/wordpress/wp-content/uploads/2016/11/sig-112.jpg
SIG-111;UNKNOWN INFLATABLE #2;http://35.161.218.27/wordpress/wordpress/index.php/product/unknown-inflatable-2/;"WEIGHT: 435LBS

HEIGHT: 7'

WIDTH: 32'

LENGTH: 32'";;;;;http://35.161.218.27/wordpress/wordpress/wp-content/uploads/2016/11/sig-111.jpg
SIG-110;UNKNOWN INFLATABLE #1;http://35.161.218.27/wordpress/wordpress/index.php/product/unknown-inflatable-1/;"WEIGHT: 390LBS

HEIGHT: 8'

WIDTH: 25'

LENGTH: 25'";;;;;http://35.161.218.27/wordpress/wordpress/wp-content/uploads/2016/11/sig-110.jpg
SIC-141;Bounce Slide Combo 42;http://35.161.218.27/wordpress/wordpress/index.php/product/bounce-slide-combo-42/;"WEIGHT: 375LBS

HEIGHT: 15'

WIDTH: 15'

LENGTH: 18'";;;;;http://35.161.218.27/wordpress/wordpress/wp-content/uploads/2016/11/sic-141.jpg
SIC-193;Bounce Slide Combo 94;http://35.161.218.27/wordpress/wordpress/index.php/product/bounce-slide-combo-94/;"WEIGHT: 365LBS

HEIGHT: 15'

WIDTH: 22'

LENGTH: 21'";;;;;http://35.161.218.27/wordpress/wordpress/wp-content/uploads/2016/11/sic-193.jpg
SIC-192;Bounce Slide Combo 93;http://35.161.218.27/wordpress/wordpress/index.php/product/bounce-slide-combo-93/;"WEIGHT: 365LBS

HEIGHT: 15'

WIDTH: 22'

LENGTH: 21'";;;;;http://35.161.218.27/wordpress/wordpress/wp-content/uploads/2016/11/sic-192.jpg
SIC-191;Bounce Slide Combo 92;http://35.161.218.27/wordpress/wordpress/index.php/product/bounce-slide-combo-92/;"WEIGHT: 365LBS

HEIGHT: 15'

WIDTH: 22'

LENGTH: 21'";;;;;http://35.161.218.27/wordpress/wordpress/wp-content/uploads/2016/11/sic-191.jpg
SIC-190;Bounce Slide Combo 91;http://35.161.218.27/wordpress/wordpress/index.php/product/bounce-slide-combo-91/;"WEIGHT: 365LBS

HEIGHT: 15'

WIDTH: 22'

LENGTH: 21'";;;;;http://35.161.218.27/wordpress/wordpress/wp-content/uploads/2016/11/sic-190.jpg
SIC-147;Bounce Slide Combo 48;http://35.161.218.27/wordpress/wordpress/index.php/product/bounce-slide-combo-48/;"WEIGHT: 375LBS

HEIGHT: 15'

WIDTH: 15'

LENGTH: 18'";;;;;http://35.161.218.27/wordpress/wordpress/wp-content/uploads/2016/11/sic-147.jpg
SIC-145;Bounce Slide Combo 46;http://35.161.218.27/wordpress/wordpress/index.php/product/bounce-slide-combo-46/;"WEIGHT: 375LBS

HEIGHT: 15'

WIDTH: 15'

LENGTH: 18'";;;;;http://35.161.218.27/wordpress/wordpress/wp-content/uploads/2016/11/sic-145.jpg
SIC-144;Bounce Slide Combo 45;http://35.161.218.27/wordpress/wordpress/index.php/product/bounce-slide-combo-45/;"WEIGHT: 375LBS

HEIGHT: 15'

WIDTH: 15'

LENGTH: 18'";;;;;http://35.161.218.27/wordpress/wordpress/wp-content/uploads/2016/11/sic-144.jpg
SIC-143;Bounce Slide Combo 44;http://35.161.218.27/wordpress/wordpress/index.php/product/bounce-slide-combo-44/;"WEIGHT: 375LBS

HEIGHT: 15'

WIDTH: 15'

LENGTH: 18'";;;;;http://35.161.218.27/wordpress/wordpress/wp-content/uploads/2016/11/sic-143.jpg
SIC-183;Mini Tropical Water Slide Combo;http://35.161.218.27/wordpress/wordpress/index.php/product/mini-tropical-water-slide-combo/;"WEIGHT: 235LBS

HEIGHT: 14'

WIDTH: 13'

LENGTH: 23'";;;;;http://35.161.218.27/wordpress/wordpress/wp-content/uploads/2016/11/sic-183.jpg
SIC-182;Bounce Slide Combo 83;http://35.161.218.27/wordpress/wordpress/index.php/product/bounce-slide-combo-83/;"WEIGHT: 225LBS

HEIGHT: 15'

WIDTH: 13'

LENGTH: 14'";;;;;http://35.161.218.27/wordpress/wordpress/wp-content/uploads/2016/11/sic-182.jpg
SIC-181;Bounce Slide Combo 82;http://35.161.218.27/wordpress/wordpress/index.php/product/bounce-slide-combo-82/;"WEIGHT: 225LBS

HEIGHT: 15'

WIDTH: 13'

LENGTH: 14'";;;;;http://35.161.218.27/wordpress/wordpress/wp-content/uploads/2016/11/sic-181.jpg
SIC-186;Bounce Slide Combo 87;http://35.161.218.27/wordpress/wordpress/index.php/product/bounce-slide-combo-87/;"WEIGHT: 385LBS

HEIGHT: 15'

WIDTH: 11'

LENGTH: 31'";;;;;http://35.161.218.27/wordpress/wordpress/wp-content/uploads/2016/11/sic-186.jpg
SIC-174;Bounce Slide Combo 75;http://35.161.218.27/wordpress/wordpress/index.php/product/bounce-slide-combo-75/;"WEIGHT: 375LBS

HEIGHT: 15'

WIDTH: 11'

LENGTH: 25'";;;;;http://35.161.218.27/wordpress/wordpress/wp-content/uploads/2016/11/sic-174.jpg
SIC-173;Bounce Slide Combo 74;http://35.161.218.27/wordpress/wordpress/index.php/product/bounce-slide-combo-74/;"WEIGHT: 355LBS

HEIGHT: 15'

WIDTH: 11'

LENGTH: 25'";;;;;http://35.161.218.27/wordpress/wordpress/wp-content/uploads/2016/11/sic-173.jpg
SIC-135;Bounce Slide Combo 36;http://35.161.218.27/wordpress/wordpress/index.php/product/bounce-slide-combo-36/;"WEIGHT: 355LBS

HEIGHT: 15'

WIDTH: 11'

LENGTH: 42'";;;;;http://35.161.218.27/wordpress/wordpress/wp-content/uploads/2016/11/sic-135.jpg
SIC-124;Bounce Slide Combo 25;http://35.161.218.27/wordpress/wordpress/index.php/product/bounce-slide-combo-25/;"WEIGHT: 355LBS

HEIGHT: 15'

WIDTH: 11'

LENGTH: 31'";;;;;http://35.161.218.27/wordpress/wordpress/wp-content/uploads/2016/11/sic-124.jpg
SIC-123;Bounce Slide Combo 24;http://35.161.218.27/wordpress/wordpress/index.php/product/bounce-slide-combo-24/;"WEIGHT: 355LBS

HEIGHT: 15'

WIDTH: 11'

LENGTH: 31'";;;;;
SIC-122-1;Bounce Slide Combo 23;http://35.161.218.27/wordpress/wordpress/index.php/product/bounce-slide-combo-23/;"WEIGHT: 355LBS

HEIGHT: 15'

WIDTH: 11'

LENGTH: 31'";;;;;http://35.161.218.27/wordpress/wordpress/wp-content/uploads/2016/11/sic-122.jpg
SIC-150;Bounce Slide Combo 51;http://35.161.218.27/wordpress/wordpress/index.php/product/bounce-slide-combo-51/;"WEIGHT: 355LBS

HEIGHT: 15'

WIDTH: 11'

LENGTH: 27'";;;;;http://35.161.218.27/wordpress/wordpress/wp-content/uploads/2016/11/sic-150.jpg
SIC-184;Bounce Slide Combo 85;http://35.161.218.27/wordpress/wordpress/index.php/product/bounce-slide-combo-85/;"WEIGHT: 355LBS

HEIGHT: 15'

WIDTH: 20'

LENGTH: 30'";;;;;http://35.161.218.27/wordpress/wordpress/wp-content/uploads/2016/11/sic-184.jpg
SIC-148;Bounce Slide Combo 49;http://35.161.218.27/wordpress/wordpress/index.php/product/bounce-slide-combo-49/;"WEIGHT: 355LBS

HEIGHT: 15'

WIDTH: 11'

LENGTH: 42'";;;;;http://35.161.218.27/wordpress/wordpress/wp-content/uploads/2016/11/sic-148.jpg
SIC-120;Bounce Slide Combo 21;http://35.161.218.27/wordpress/wordpress/index.php/product/bounce-slide-combo-21/;"WEIGHT: 355LBS

HEIGHT: 15'

WIDTH: 11'

LENGTH: 31'";;;;;http://35.161.218.27/wordpress/wordpress/wp-content/uploads/2016/11/sic-120.jpg
;Bounce Slide Combo 5;http://35.161.218.27/wordpress/wordpress/index.php/product/bounce-slide-combo-5-2/;"WEIGHT: 355LBS

HEIGHT: 15'

WIDTH: 11'

LENGTH: 31'";;;;;http://35.161.218.27/wordpress/wordpress/wp-content/uploads/2016/11/sic-104.jpg
SIC-122;Bounce Slide Combo 16;http://35.161.218.27/wordpress/wordpress/index.php/product/bounce-slide-combo-16/;"WEIGHT: 355LBS

HEIGHT: 15'

WIDTH: 11'

LENGTH: 31'";;;;;http://35.161.218.27/wordpress/wordpress/wp-content/uploads/2016/11/sic-122.jpg
SIC-185;Bounce Slide Combo 86;http://35.161.218.27/wordpress/wordpress/index.php/product/bounce-slide-combo-86/;"WEIGHT: 345LBS

HEIGHT: 15'

WIDTH: 11'

LENGTH: 27'";;;;;http://35.161.218.27/wordpress/wordpress/wp-content/uploads/2016/11/sic-185.jpg
SIC-162;Bounce Slide Combo 63;http://35.161.218.27/wordpress/wordpress/index.php/product/bounce-slide-combo-63/;"WEIGHT: 345LBS

HEIGHT: 15'

WIDTH: 11'

LENGTH: 27'";;;;;http://35.161.218.27/wordpress/wordpress/wp-content/uploads/2016/11/sic-162.jpg
SIC-172;Bounce Slide Combo 73;http://35.161.218.27/wordpress/wordpress/index.php/product/bounce-slide-combo-73/;"WEIGHT: 355LBS

HEIGHT: 15'

WIDTH: 11'

LENGTH: 31'";;;;;http://35.161.218.27/wordpress/wordpress/wp-content/uploads/2016/11/sic-172.jpg
SIC-114;Bounce Slide Combo 15;http://35.161.218.27/wordpress/wordpress/index.php/product/bounce-slide-combo-15/;"WEIGHT: 355LBS

HEIGHT: 15'

WIDTH: 11'

LENGTH: 31'";;;;;http://35.161.218.27/wordpress/wordpress/wp-content/uploads/2016/11/sic-114.jpg
SIC-113;Bounce Slide Combo 14;http://35.161.218.27/wordpress/wordpress/index.php/product/bounce-slide-combo-14/;"WEIGHT: 355LBS

HEIGHT: 15'

WIDTH: 11'

LENGTH: 31'";;;;;http://35.161.218.27/wordpress/wordpress/wp-content/uploads/2016/11/sic-113.jpg
SIC-112;Bounce Slide Combo 13;http://35.161.218.27/wordpress/wordpress/index.php/product/bounce-slide-combo-13/;"WEIGHT: 355LBS

HEIGHT: 15'

WIDTH: 11'

LENGTH: 31'";;;;;http://35.161.218.27/wordpress/wordpress/wp-content/uploads/2016/11/sic-112.jpg
SIC-137;Bounce Slide Combo 38;http://35.161.218.27/wordpress/wordpress/index.php/product/bounce-slide-combo-38/;"WEIGHT: 355LBS

HEIGHT: 15'

WIDTH: 11'

LENGTH: 31'";;;;;http://35.161.218.27/wordpress/wordpress/wp-content/uploads/2016/11/sic-137.jpg
SIC-136;Bounce Slide Combo 37;http://35.161.218.27/wordpress/wordpress/index.php/product/bounce-slide-combo-37/;"WEIGHT: 355LBS

HEIGHT: 15'

WIDTH: 11'

LENGTH: 31'";;;;;http://35.161.218.27/wordpress/wordpress/wp-content/uploads/2016/11/sic-136.jpg
SIC-133;Bounce Slide Combo 34;http://35.161.218.27/wordpress/wordpress/index.php/product/bounce-slide-combo-34/;"WEIGHT: 355LBS

HEIGHT: 15'

WIDTH: 11'

LENGTH: 31'";;;;;http://35.161.218.27/wordpress/wordpress/wp-content/uploads/2016/11/sic-133.jpg
SIC-111;Bounce Slide Combo 12;http://35.161.218.27/wordpress/wordpress/index.php/product/bounce-slide-combo-12/;"WEIGHT: 355LBS

HEIGHT: 15'

WIDTH: 11'

LENGTH: 31'";;;;;http://35.161.218.27/wordpress/wordpress/wp-content/uploads/2016/11/sic-111.jpg
SIC-110;Bounce Slide Combo 11;http://35.161.218.27/wordpress/wordpress/index.php/product/bounce-slide-combo-11/;"WEIGHT: 355LBS

HEIGHT: 15'

WIDTH: 11'

LENGTH: 31'";;;;;http://35.161.218.27/wordpress/wordpress/wp-content/uploads/2016/11/sic-110.jpg
SIC-109;Bounce Slide Combo 10;http://35.161.218.27/wordpress/wordpress/index.php/product/bounce-slide-combo-10/;"WEIGHT: 355LBS

HEIGHT: 15'

WIDTH: 11'

LENGTH: 31'";;;;;http://35.161.218.27/wordpress/wordpress/wp-content/uploads/2016/11/sic-109.jpg
;"Bounce Slide Combo 43 &#8211; Model B";http://35.161.218.27/wordpress/wordpress/index.php/product/bounce-slide-combo-43-2/;"WEIGHT: 355LBS

HEIGHT: 15'

WIDTH: 11'

LENGTH: 31'";;;;;http://35.161.218.27/wordpress/wordpress/wp-content/uploads/2016/11/sic-103.jpg
SIC-101;Bounce Slide Combo 2;http://35.161.218.27/wordpress/wordpress/index.php/product/bounce-slide-combo-2/;"WEIGHT: 355LBS

HEIGHT: 15'

WIDTH: 11'

LENGTH: 31'";;;;;http://35.161.218.27/wordpress/wordpress/wp-content/uploads/2016/11/sic-101.jpg
SIC-100;Bounce Slide Combo 1;http://35.161.218.27/wordpress/wordpress/index.php/product/bounce-slide-combo-1/;"WEIGHT: 355LBS

HEIGHT: 15'

WIDTH: 11'

LENGTH: 31'";;;;;http://35.161.218.27/wordpress/wordpress/wp-content/uploads/2016/11/sic-100.jpg
SIC-108;"Bounce Slide Combo 0 &#8211; Model A";http://35.161.218.27/wordpress/wordpress/index.php/product/bounce-slide-combo-0-model-a/;"WEIGHT: 355LBS

HEIGHT: 15'

WIDTH: 11'

LENGTH: 31'";;;;;http://35.161.218.27/wordpress/wordpress/wp-content/uploads/2016/11/sic-108.jpg
SIC-107;"Bounce Slide Combo 5 &#8211; Model A";http://35.161.218.27/wordpress/wordpress/index.php/product/bounce-slide-combo-5-model-a/;"WEIGHT: 355LBS

HEIGHT: 15'

WIDTH: 11'

LENGTH: 31'";;;;;http://35.161.218.27/wordpress/wordpress/wp-content/uploads/2016/11/sic-107.jpg
SIC-106;"Bounce Slide Combo 4 &#8211; Model A";http://35.161.218.27/wordpress/wordpress/index.php/product/bounce-slide-combo-4-model-a/;"WEIGHT: 355LBS

HEIGHT: 15'

WIDTH: 11'

LENGTH: 31'";;;;;http://35.161.218.27/wordpress/wordpress/wp-content/uploads/2016/11/sic-106.jpg
SIC-177;"Bounce Slide Combo 43 &#8211; Model A";http://35.161.218.27/wordpress/wordpress/index.php/product/bounce-slide-combo-43-model-a/;"WEIGHT: 355LBS

HEIGHT: 15'

WIDTH: 11'

LENGTH: 25'";;;;;http://35.161.218.27/wordpress/wordpress/wp-content/uploads/2016/11/sic-177.jpg
SIC-176;"Bounce Slide Combo 40 &#8211; Model A";http://35.161.218.27/wordpress/wordpress/index.php/product/bounce-slide-combo-40-model-a/;"WEIGHT: 355LBS

HEIGHT: 15'

WIDTH: 11'

LENGTH: 25'";;;;;http://35.161.218.27/wordpress/wordpress/wp-content/uploads/2016/11/sic-176.jpg
SIC-175;"Bounce Slide Combo 39 &#8211; Model A";http://35.161.218.27/wordpress/wordpress/index.php/product/bounce-slide-combo-39-model-a/;"WEIGHT: 355LBS

HEIGHT: 15'

WIDTH: 11'

LENGTH: 25'";;;;;http://35.161.218.27/wordpress/wordpress/wp-content/uploads/2016/11/sic-175.jpg
SIWS-102;"Inflatable Water Slides &#8211; Model  T";http://35.161.218.27/wordpress/wordpress/index.php/product/inflatable-water-slides-model-t/;"WEIGHT: 330LBS

HEIGHT: 15'

WIDTH: 10

LENGTH: 28'";;;;;http://35.161.218.27/wordpress/wordpress/wp-content/uploads/2016/11/SIWS-102.jpg
SIC-105;Bounce Slide Combo 0;http://35.161.218.27/wordpress/wordpress/index.php/product/bounce-slide-combo-0/;"WEIGHT: 355LBS

HEIGHT: 15'

WIDTH: 11'

LENGTH: 27'";;;;;http://35.161.218.27/wordpress/wordpress/wp-content/uploads/2016/11/sic-105.jpg
SIC-104;Bounce Slide Combo 5;http://35.161.218.27/wordpress/wordpress/index.php/product/bounce-slide-combo-5/;"WEIGHT: 355LBS

HEIGHT: 15'

WIDTH: 11'

LENGTH: 31'";;;;;http://35.161.218.27/wordpress/wordpress/wp-content/uploads/2016/11/sic-104.jpg
SIC-142;Bounce Slide Combo 43;http://35.161.218.27/wordpress/wordpress/index.php/product/bounce-slide-combo-43/;"WEIGHT: 355LBS

HEIGHT: 15'

WIDTH: 11'

LENGTH: 25'";;;;;http://35.161.218.27/wordpress/wordpress/wp-content/uploads/2016/11/sic-142.jpg
SIC-139;Bounce Slide Combo 40;http://35.161.218.27/wordpress/wordpress/index.php/product/bounce-slide-combo-40/;"WEIGHT: 355LBS

HEIGHT: 15'

WIDTH: 11'

LENGTH: 25'";;;;;http://35.161.218.27/wordpress/wordpress/wp-content/uploads/2016/11/sic-139.jpg
SIC-138;Bounce Slide Combo 39;http://35.161.218.27/wordpress/wordpress/index.php/product/bounce-slide-combo-39/;"WEIGHT: 355LBS

HEIGHT: 15'

WIDTH: 11'

LENGTH: 25'";;;;;http://35.161.218.27/wordpress/wordpress/wp-content/uploads/2016/11/sic-138.jpg
SIC-140;Bounce Slide Combo 41;http://35.161.218.27/wordpress/wordpress/index.php/product/bounce-slide-combo-41/;"WEIGHT: 255LBS

HEIGHT: 15'

WIDTH: 13'

LENGTH: 23'";;;;;http://35.161.218.27/wordpress/wordpress/wp-content/uploads/2016/11/sic-140.jpg
SIC-194-1;Bounce Slide Combo 19;http://35.161.218.27/wordpress/wordpress/index.php/product/bounce-slide-combo-19/;"WEIGHT: 190LBS

HEIGHT: 12'

WIDTH: 11'

LENGTH: 18'";;;;;http://35.161.218.27/wordpress/wordpress/wp-content/uploads/2016/11/sic-194.jpg
SIC-171;Bounce Slide Combo 72;http://35.161.218.27/wordpress/wordpress/index.php/product/bounce-slide-combo-72/;"WEIGHT: 190LBS

HEIGHT: 12'

WIDTH: 11'

LENGTH: 18'";;;;;http://35.161.218.27/wordpress/wordpress/wp-content/uploads/2016/11/sic-171.jpg
SIC-195;Bounce Slide Combo 96;http://35.161.218.27/wordpress/wordpress/index.php/product/bounce-slide-combo-96/;"WEIGHT: 255LBS

HEIGHT: 15'

WIDTH: 13'

LENGTH: 23'";;;;;http://35.161.218.27/wordpress/wordpress/wp-content/uploads/2016/11/sic-195.jpg
SIC-194;Bounce Slide Combo 95;http://35.161.218.27/wordpress/wordpress/index.php/product/bounce-slide-combo-95/;"WEIGHT: 255LBS

HEIGHT: 15'

WIDTH: 13'

LENGTH: 23'";;;;;http://35.161.218.27/wordpress/wordpress/wp-content/uploads/2016/11/sic-194.jpg
SIWS-116;"Inflatable Water Slides &#8211; Model  S";http://35.161.218.27/wordpress/wordpress/index.php/product/inflatable-water-slides-model-s/;"WEIGHT: 330LBS

HEIGHT: 15'

WIDTH: 10

LENGTH: 28'";;;;;http://35.161.218.27/wordpress/wordpress/wp-content/uploads/2016/11/SIWS-116.jpg
SIWS-112;"Inflatable Water Slides &#8211; Model  R";http://35.161.218.27/wordpress/wordpress/index.php/product/inflatable-water-slides-model-q-2/;"WEIGHT: 330LBS

HEIGHT: 15'

WIDTH: 10

LENGTH: 28'";;;;;http://35.161.218.27/wordpress/wordpress/wp-content/uploads/2016/11/SIWS-112.jpg
SIWS-138;"Inflatable Water Slides &#8211; Model  Q";http://35.161.218.27/wordpress/wordpress/index.php/product/inflatable-water-slides-model-q/;"WEIGHT: 550LBS

HEIGHT: 18'

WIDTH: 12

LENGTH: 35'";;;;;http://35.161.218.27/wordpress/wordpress/wp-content/uploads/2016/11/SIWS-138.jpg
SIC-103;Bounce Slide Combo 4;http://35.161.218.27/wordpress/wordpress/index.php/product/bounce-slide-combo-4/;"WEIGHT: 355LBS

HEIGHT: 15'

WIDTH: 11'

LENGTH: 31'";;;;;http://35.161.218.27/wordpress/wordpress/wp-content/uploads/2016/11/sic-103.jpg
SIWS-120;"Inflatable Water Slides &#8211; Model  P";http://35.161.218.27/wordpress/wordpress/index.php/product/inflatable-water-slides-model-p/;"WEIGHT: 340LBS

HEIGHT: 16'

WIDTH: 12

LENGTH: 23'";;;;;http://35.161.218.27/wordpress/wordpress/wp-content/uploads/2016/11/SIWS-120.jpg
SIC-146;Bounce Slide Combo 47;http://35.161.218.27/wordpress/wordpress/index.php/product/bounce-slide-combo-47/;"WEIGHT: 255LBS

HEIGHT: 15'

WIDTH: 13'

LENGTH: 23'";;;;;http://35.161.218.27/wordpress/wordpress/wp-content/uploads/2016/11/sic-146.jpg
SIC-129;"All&#8217;nOne Pirate Combo";http://35.161.218.27/wordpress/wordpress/index.php/product/allnone-pirate-combo/;"WEIGHT: 325LBS

HEIGHT: 15'

WIDTH: 16'

LENGTH: 16'";;;;;http://35.161.218.27/wordpress/wordpress/wp-content/uploads/2016/11/sic-129.jpg
SIC-130;"All&#8217;nOne Jungle Combo";http://35.161.218.27/wordpress/wordpress/index.php/product/allnone-jungle-combo/;"WEIGHT: 325LBS

HEIGHT: 15'

WIDTH: 16'

LENGTH: 16'";;;;;http://35.161.218.27/wordpress/wordpress/wp-content/uploads/2016/11/sic-130.jpg
SIC-131;"All&#8217;nOne Castle Combo";http://35.161.218.27/wordpress/wordpress/index.php/product/allnone-castle-combo/;"WEIGHT: 325LBS

HEIGHT: 15'

WIDTH: 16'

LENGTH: 16'";;;;;http://35.161.218.27/wordpress/wordpress/wp-content/uploads/2016/11/sic-131.jpg
SIC-132;"All&#8217;nOne Banner Combo";http://35.161.218.27/wordpress/wordpress/index.php/product/allnone-banner-combo/;"WEIGHT: 325LBS

HEIGHT: 15'

WIDTH: 16'

LENGTH: 16'";;;;;http://35.161.218.27/wordpress/wordpress/wp-content/uploads/2016/11/sic-132.jpg
SIC-128-1;"All&#8217;nOne Princess Combo";http://35.161.218.27/wordpress/wordpress/index.php/product/allnone-princess-combo/;"WEIGHT: 325LBS

HEIGHT: 15'

WIDTH: 16'

LENGTH: 16'";;;;;http://35.161.218.27/wordpress/wordpress/wp-content/uploads/2016/11/sic-218.jpg
;"All&#8217;nOne Adventure Combo";http://35.161.218.27/wordpress/wordpress/index.php/product/allnone-adventure-combo/;"WEIGHT: 325LBS

HEIGHT: 15'

WIDTH: 16'

LENGTH: 16'";;;;;http://35.161.218.27/wordpress/wordpress/wp-content/uploads/2016/11/sic-217.jpg
SIC-216-1;"All&#8217;nOne Basketball Combo";http://35.161.218.27/wordpress/wordpress/index.php/product/allnone-basketball-combo/;"WEIGHT: 325LBS

HEIGHT: 15'

WIDTH: 16'

LENGTH: 16'";;;;;http://35.161.218.27/wordpress/wordpress/wp-content/uploads/2016/11/sic-216.jpg
SIC-125;"All&#8217;nOne Hula Girl Combo";http://35.161.218.27/wordpress/wordpress/index.php/product/allnone-hula-girl-combo/;"WEIGHT: 325LBS

HEIGHT: 15'

WIDTH: 16'

LENGTH: 16'";;;;;http://35.161.218.27/wordpress/wordpress/wp-content/uploads/2016/11/sic-125.jpg
SIC-203;"Tank Engine Train Combo &#8211; Model B";http://35.161.218.27/wordpress/wordpress/index.php/product/tank-engine-train-combo-model-b/;"WEIGHT: 475LBS

HEIGHT: 15'

WIDTH: 13'

LENGTH: 31'";;;;;http://35.161.218.27/wordpress/wordpress/wp-content/uploads/2016/11/sic-203.jpg
SIC-164;"Tank Engine Train Combo &#8211; Model A";http://35.161.218.27/wordpress/wordpress/index.php/product/tank-engine-train-combo-model-a/;"WEIGHT: 585LBS

HEIGHT: 16'

WIDTH: 30'

LENGTH: 22'";;;;;http://35.161.218.27/wordpress/wordpress/wp-content/uploads/2016/11/sic-164.jpg
SIC-163;"Mini &#8220;BONGO&#8221; Combo";http://35.161.218.27/wordpress/wordpress/index.php/product/mini-bongo-combo/;"WEIGHT: 265LBS

HEIGHT: 16'

WIDTH: 18'

LENGTH: 35'";;;;;http://35.161.218.27/wordpress/wordpress/wp-content/uploads/2016/11/sic-163.jpg
SIC-197;"Baseball &#8220;BONGO&#8221; Combo";http://35.161.218.27/wordpress/wordpress/index.php/product/baseball-bongo-combo/;"WEIGHT: 365LBS

HEIGHT: 16'

WIDTH: 18'

LENGTH: 35'";;;;;http://35.161.218.27/wordpress/wordpress/wp-content/uploads/2016/11/sic-197.jpg
SIWS-141;"Inflatable Water Slides &#8211; Model  O";http://35.161.218.27/wordpress/wordpress/index.php/product/inflatable-water-slides-model-o/;"WEIGHT: 550LBS

HEIGHT: 18'

WIDTH: 12

LENGTH: 35'";;;;;http://35.161.218.27/wordpress/wordpress/wp-content/uploads/2016/11/SIWS-141.jpg
SIWS-110;"Inflatable Water Slides &#8211; Model  N";http://35.161.218.27/wordpress/wordpress/index.php/product/inflatable-water-slides-model-n/;"WEIGHT: 335LBS

HEIGHT: 15'

WIDTH: 12

LENGTH: 28'";;;;;http://35.161.218.27/wordpress/wordpress/wp-content/uploads/2016/11/SIWS-110.jpg
SIWS-106;"Inflatable Water Slides &#8211; Model  M";http://35.161.218.27/wordpress/wordpress/index.php/product/inflatable-water-slides-model-m/;"WEIGHT: 335LBS

HEIGHT: 15'

WIDTH: 10'

LENGTH: 28'";;;;;http://35.161.218.27/wordpress/wordpress/wp-content/uploads/2016/11/SIWS-106.jpg
SIWS-156;"Inflatable Water Slides &#8211; Model  L";http://35.161.218.27/wordpress/wordpress/index.php/product/inflatable-water-slides-model-l/;"WEIGHT: 550LBS

HEIGHT: 18'

WIDTH: 12'

LENGTH: 38'";;;;;http://35.161.218.27/wordpress/wordpress/wp-content/uploads/2016/11/SIWS-156.jpg
SIWS-142;"Inflatable Water Slides &#8211; Model  k";http://35.161.218.27/wordpress/wordpress/index.php/product/inflatable-water-slides-model-k/;"WEIGHT: 550LBS

HEIGHT: 18'

WIDTH: 12'

LENGTH: 35'";;;;;http://35.161.218.27/wordpress/wordpress/wp-content/uploads/2016/11/SIWS-142-1.jpg
SIWS-171;"Inflatable Water Slides &#8211; Model  J";http://35.161.218.27/wordpress/wordpress/index.php/product/inflatable-water-slides-model-j/;"WEIGHT: 650LBS

HEIGHT: 20'

WIDTH: 12'

LENGTH: 38'";;;;;http://35.161.218.27/wordpress/wordpress/wp-content/uploads/2016/11/SIWS-171.jpg
SIWS-157;"Inflatable Water Slides &#8211; Model I";http://35.161.218.27/wordpress/wordpress/index.php/product/inflatable-water-slides-model-i/;"WEIGHT: 600LBS

HEIGHT: 19'

WIDTH: 22'

LENGTH: 25'";;;;;http://35.161.218.27/wordpress/wordpress/wp-content/uploads/2016/11/SIWS-157.jpg
SIWS-136;"Inflatable Water Slides &#8211; Model H";http://35.161.218.27/wordpress/wordpress/index.php/product/inflatable-water-slides-model-h/;"WEIGHT: 600LBS

HEIGHT: 18'

WIDTH: 22'

LENGTH: 25'";;;;;http://35.161.218.27/wordpress/wordpress/wp-content/uploads/2016/11/SIWS-136.jpg
SIWS-145;"Inflatable Water Slides &#8211; Model G";http://35.161.218.27/wordpress/wordpress/index.php/product/inflatable-water-slides-model-g/;"WEIGHT: 500LBS

HEIGHT: 18'

WIDTH: 13'

LENGTH: 35'";;;;;http://35.161.218.27/wordpress/wordpress/wp-content/uploads/2016/11/SIWS-145.jpg
SIWS-134;"Inflatable Water Slides &#8211; Model F";http://35.161.218.27/wordpress/wordpress/index.php/product/inflatable-water-slides-model-f/;"WEIGHT: 500LBS

HEIGHT: 18'

WIDTH: 12'

LENGTH: 35'";;;;;http://35.161.218.27/wordpress/wordpress/wp-content/uploads/2016/11/SIWS-134.jpg
SIWS-126;"Inflatable Water Slides &#8211; Model E";http://35.161.218.27/wordpress/wordpress/index.php/product/inflatable-water-slides-model-e/;"WEIGHT: 350LBS

HEIGHT: 16'

WIDTH: 10'

LENGTH: 32'";;;;;http://35.161.218.27/wordpress/wordpress/wp-content/uploads/2016/11/SIWS-126.jpg
SIC-200;"Tropical &#8220;Bongo&#8221; Combo";http://35.161.218.27/wordpress/wordpress/index.php/product/tropical-bongo-combo/;"WEIGHT: 365LBS

HEIGHT: 16'

WIDTH: 18'

LENGTH: 35'";;;;;http://35.161.218.27/wordpress/wordpress/wp-content/uploads/2016/11/sic-200.jpg
SIC-199;"Soccer &#8220;Bongo&#8221; Combo";http://35.161.218.27/wordpress/wordpress/index.php/product/soccer-bongo-combo/;"WEIGHT: 365LBS

HEIGHT: 16'

WIDTH: 18'

LENGTH: 35'";;;;;http://35.161.218.27/wordpress/wordpress/wp-content/uploads/2016/11/sic-199.jpg
SIC-198;"Basketball &#8220;Bongo&#8221; Combo";http://35.161.218.27/wordpress/wordpress/index.php/product/basketball-bongo-combo/;"WEIGHT: 365LBS

HEIGHT: 16'

WIDTH: 18'

LENGTH: 35'";;;;;http://35.161.218.27/wordpress/wordpress/wp-content/uploads/2016/11/sic-198.jpg
SIC-152;"FunDome &#8220;Bongo&#8221; Combo";http://35.161.218.27/wordpress/wordpress/index.php/product/fundome-bongo-combo/;"WEIGHT: 365LBS

HEIGHT: 16'

WIDTH: 18'

LENGTH: 35'";;;;;http://35.161.218.27/wordpress/wordpress/wp-content/uploads/2016/11/sic-152.jpg
SIC-153;"Castle &#8220;Bongo&#8221; Combo";http://35.161.218.27/wordpress/wordpress/index.php/product/castle-bongo-combo/;"WEIGHT: 375LBS

HEIGHT: 18'

WIDTH: 18'

LENGTH: 35'";;;;;http://35.161.218.27/wordpress/wordpress/wp-content/uploads/2016/11/sic-153.jpg
SIC-149;"Camo &#8220;Bongo&#8221; Combo";http://35.161.218.27/wordpress/wordpress/index.php/product/camo-bongo-combo/;"WEIGHT: 365LBS

HEIGHT: 16'

WIDTH: 18'

LENGTH: 35'";;;;;http://35.161.218.27/wordpress/wordpress/wp-content/uploads/2016/11/sic-149.jpg
SIC-154;"Pincess &#8220;Bongo&#8221; Combo";http://35.161.218.27/wordpress/wordpress/index.php/product/pincess-bongo-combo/;"WEIGHT: 375LBS

HEIGHT: 18'

WIDTH: 18'

LENGTH: 35'";;;;;http://35.161.218.27/wordpress/wordpress/wp-content/uploads/2016/11/sic-154.jpg
SIC-202;"Pirate &#8220;Bongo&#8221; Combo";http://35.161.218.27/wordpress/wordpress/index.php/product/pirate-bongo-combo/;"WEIGHT: 385LBS

HEIGHT: 18'

WIDTH: 18'

LENGTH: 35'";;;;;http://35.161.218.27/wordpress/wordpress/wp-content/uploads/2016/11/sic-202.jpg
SIC-201;"Train &#8220;Bongo&#8221; Bounce House Combo";http://35.161.218.27/wordpress/wordpress/index.php/product/train-bongo-bounce-house-combo/;"WEIGHT: 385LBS

HEIGHT: 18'

WIDTH: 18'

LENGTH: 35'";;;;;http://35.161.218.27/wordpress/wordpress/wp-content/uploads/2016/11/sic-201.jpg
SIWS-151;"Inflatable Water Slides &#8211; Model  D";http://35.161.218.27/wordpress/wordpress/index.php/product/inflatable-water-slides-model-d/;"WEIGHT: 350LBS

HEIGHT: 18'

WIDTH: 10'

LENGTH: 37'";;;;;http://35.161.218.27/wordpress/wordpress/wp-content/uploads/2016/11/SIWS-151.jpg
SIWS-152;"Inflatable Water Slides &#8211; Model  C";http://35.161.218.27/wordpress/wordpress/index.php/product/inflatable-water-slides-model-c/;"WEIGHT: 350LBS

HEIGHT: 18'

WIDTH: 10'

LENGTH: 37'";;;;;http://35.161.218.27/wordpress/wordpress/wp-content/uploads/2016/11/SIWS-152.jpg
SIWS-125;"Inflatable Water Slides &#8211; Model  B";http://35.161.218.27/wordpress/wordpress/index.php/product/inflatable-water-slides-model-b/;"WEIGHT: 350LBS

HEIGHT: 16'

WIDTH: 9'

LENGTH: 33'";;;;;http://35.161.218.27/wordpress/wordpress/wp-content/uploads/2016/11/SIWS-125.jpg
SIWS-170;"Water Slide & Slip&#8217;n Slide Combo";http://35.161.218.27/wordpress/wordpress/index.php/product/water-slide-slipn-slide-combo/;"WEIGHT: 800LBS

HEIGHT: 19'

WIDTH: 17'

LENGTH: 43'";;;;;http://35.161.218.27/wordpress/wordpress/wp-content/uploads/2016/11/SIWS-170.jpg
SIWS-184;"Inflatable Water Slides &#8211; Model A";http://35.161.218.27/wordpress/wordpress/index.php/product/inflatable-water-slides-model-a/;"WEIGHT: 2400LBS

HEIGHT: 25'

WIDTH: 19'

LENGTH: 75'";;;;;http://35.161.218.27/wordpress/wordpress/wp-content/uploads/2016/11/SIWS-184.jpg
SIC-187;Bounce House Combo 88;http://35.161.218.27/wordpress/wordpress/index.php/product/bounce-house-combo-88/;"WEIGHT:

HEIGHT: 24'

WIDTH: 15'

LENGTH: 55'";;;;;http://35.161.218.27/wordpress/wordpress/wp-content/uploads/2016/11/SIC-187.jpg
SIC-213;Ultra Mini Combo 10;http://35.161.218.27/wordpress/wordpress/index.php/product/ultra-mini-combo-10/;"WEIGHT: 165LBS

HEIGHT: 15'

WIDTH: 11'

LENGTH: 18'";;;;;http://35.161.218.27/wordpress/wordpress/wp-content/uploads/2016/11/SIC-213.jpg
SIC-212;Ultra Mini Combo 9;http://35.161.218.27/wordpress/wordpress/index.php/product/ultra-mini-combo-9/;"WEIGHT: 165LBS

HEIGHT: 15'

WIDTH: 11'

LENGTH: 18'";;;;;http://35.161.218.27/wordpress/wordpress/wp-content/uploads/2016/11/SIC-212.jpg
SIC-211;Ultra Mini Combo 8;http://35.161.218.27/wordpress/wordpress/index.php/product/ultra-mini-combo-8/;"WEIGHT: 165LBS

HEIGHT: 15'

WIDTH: 11'

LENGTH: 18'";;;;;http://35.161.218.27/wordpress/wordpress/wp-content/uploads/2016/11/SIC-211.jpg
SIC-210;Ultra Mini Combo 7;http://35.161.218.27/wordpress/wordpress/index.php/product/ultra-mini-combo-7/;"WEIGHT: 165LBS

HEIGHT: 15'

WIDTH: 11'

LENGTH: 18'";;;;;http://35.161.218.27/wordpress/wordpress/wp-content/uploads/2016/11/SIC-210.jpg
SIC-209;Ultra Mini Combo 6;http://35.161.218.27/wordpress/wordpress/index.php/product/ultra-mini-combo-6/;"WEIGHT: 165LBS

HEIGHT: 15'

WIDTH: 11'

LENGTH: 18'";;;;;http://35.161.218.27/wordpress/wordpress/wp-content/uploads/2016/11/SIC-209.jpg
SIC-208;Ultra Mini Combo 5;http://35.161.218.27/wordpress/wordpress/index.php/product/ultra-mini-combo-5/;"WEIGHT: 165LBS

HEIGHT: 15'

WIDTH: 11'

LENGTH: 18'";;;;;http://35.161.218.27/wordpress/wordpress/wp-content/uploads/2016/11/SIC-208.png
SIC-207;Ultra Mini Combo 4;http://35.161.218.27/wordpress/wordpress/index.php/product/ultra-mini-combo-4/;"WEIGHT: 165LBS

HEIGHT: 15'

WIDTH: 11'

LENGTH: 18'";;;;;http://35.161.218.27/wordpress/wordpress/wp-content/uploads/2016/11/SIC-207.jpg
SIC-206;Ultra Mini Combo 3;http://35.161.218.27/wordpress/wordpress/index.php/product/ultra-mini-combo-3/;"WEIGHT: 165LBS

HEIGHT: 15'

WIDTH: 11'

LENGTH: 18'";;;;;http://35.161.218.27/wordpress/wordpress/wp-content/uploads/2016/11/SIC-206.jpg
SIC-205;Ultra Mini Combo 2;http://35.161.218.27/wordpress/wordpress/index.php/product/ultra-mini-combo-2/;"WEIGHT: 165LBS

HEIGHT: 15'

WIDTH: 11'

LENGTH: 18'";;;;;http://35.161.218.27/wordpress/wordpress/wp-content/uploads/2016/11/SIC-205.jpg
SIC-204;Ultra Mini Combo 1;http://35.161.218.27/wordpress/wordpress/index.php/product/ultra-mini-combo-1/;"WEIGHT: 165LBS

HEIGHT: 15'

WIDTH: 11'

LENGTH: 18'";;;;;http://35.161.218.27/wordpress/wordpress/wp-content/uploads/2016/11/SIC-204.jpg
SIC-165;Mini Basketball Combo;http://35.161.218.27/wordpress/wordpress/index.php/product/mini-basketball-combo/;"WEIGHT: 225LBS

HEIGHT: 15'

WIDTH: 15'

LENGTH: 15'";;;;;http://35.161.218.27/wordpress/wordpress/wp-content/uploads/2016/11/SIC-165.jpg
SIC-169;Mini Princess Combo;http://35.161.218.27/wordpress/wordpress/index.php/product/mini-princess-combo/;"WEIGHT: 235LBS

HEIGHT: 15'

WIDTH: 13'

LENGTH: 18'";;;;;http://35.161.218.27/wordpress/wordpress/wp-content/uploads/2016/11/SIC-169.jpg
SIC-170;Mini Balloon Combo;http://35.161.218.27/wordpress/wordpress/index.php/product/mini-balloon-combo/;"WEIGHT: 235LBS

HEIGHT: 15'

WIDTH: 13'

LENGTH: 18'";;;;;http://35.161.218.27/wordpress/wordpress/wp-content/uploads/2016/11/SIC-170.jpg
SIC-168;Mini Jungle Combo;http://35.161.218.27/wordpress/wordpress/index.php/product/mini-jungle-combo/;"WEIGHT: 235LBS

HEIGHT: 15'

WIDTH: 13'

LENGTH: 18'";;;;;http://35.161.218.27/wordpress/wordpress/wp-content/uploads/2016/11/SIC-168.jpg
SIC-231;"Bounce House Combo 109 &#8211; Model B";http://35.161.218.27/wordpress/wordpress/index.php/product/bounce-house-combo-109-2/;"WEIGHT: 425LBS

HEIGHT: 16'

WIDTH: 18'

LENGTH: 18'";;;;;http://35.161.218.27/wordpress/wordpress/wp-content/uploads/2016/11/SIC-231.jpg
SIC-230;"Bounce House Combo 108 &#8211; Model B";http://35.161.218.27/wordpress/wordpress/index.php/product/bounce-house-combo-108-2/;"WEIGHT: 425LBS

HEIGHT: 16'

WIDTH: 18'

LENGTH: 18'";;;;;http://35.161.218.27/wordpress/wordpress/wp-content/uploads/2016/11/SIC-230.jpg
SIC-225;Bounce House Combo 106;http://35.161.218.27/wordpress/wordpress/index.php/product/bounce-house-combo-106/;"WEIGHT: 325LBS

HEIGHT: 15'

WIDTH: 17'

LENGTH: 16'";;;;;http://35.161.218.27/wordpress/wordpress/wp-content/uploads/2016/11/sic-225.jpg
SIC-224;Bounce House Combo 105;http://35.161.218.27/wordpress/wordpress/index.php/product/bounce-house-combo-105/;"WEIGHT: 325LBS

HEIGHT: 15'

WIDTH: 17'

LENGTH: 16'";;;;;http://35.161.218.27/wordpress/wordpress/wp-content/uploads/2016/11/sic-224.jpg
SIC-223;Bounce House Combo;http://35.161.218.27/wordpress/wordpress/index.php/product/bounce-house-combo/;"WEIGHT: 325LBS

HEIGHT: 15'

WIDTH: 17'

LENGTH: 16'";;;;;http://35.161.218.27/wordpress/wordpress/wp-content/uploads/2016/11/sic-223.jpg
SIC-229;"Bounce House Combo 107 &#8211; Model B";http://35.161.218.27/wordpress/wordpress/index.php/product/bounce-house-combo-107-2/;"WEIGHT: 425LBS

HEIGHT: 16'

WIDTH: 18'

LENGTH: 18'";;;;;http://35.161.218.27/wordpress/wordpress/wp-content/uploads/2016/11/SIC-229.jpg
SIC-228;"Bounce House Combo 109 &#8211; Model A";http://35.161.218.27/wordpress/wordpress/index.php/product/bounce-house-combo-109/;"WEIGHT: 228LBS

HEIGHT: 16'

WIDTH: 18'

LENGTH: 18'";;;;;http://35.161.218.27/wordpress/wordpress/wp-content/uploads/2016/11/SIC-228.jpg
SIC-222;Bounce House Combo 103;http://35.161.218.27/wordpress/wordpress/index.php/product/bounce-house-combo-103/;"WEIGHT: 325LBS

HEIGHT: 15'

WIDTH: 17'

LENGTH: 16'";;;;;http://35.161.218.27/wordpress/wordpress/wp-content/uploads/2016/11/sic-222.jpg
SIC-221;Bounce House Combo 102;http://35.161.218.27/wordpress/wordpress/index.php/product/bounce-house-combo-102/;"WEIGHT: 325LBS

HEIGHT: 15'

WIDTH: 17'

LENGTH: 16'";;;;;http://35.161.218.27/wordpress/wordpress/wp-content/uploads/2016/11/sic-221.jpg
SIC-220;Bounce House Combo 101;http://35.161.218.27/wordpress/wordpress/index.php/product/bounce-house-combo-101/;"WEIGHT: 325LBS

HEIGHT: 15'

WIDTH: 17'

LENGTH: 16'";;;;;http://35.161.218.27/wordpress/wordpress/wp-content/uploads/2016/11/sic-220.jpg
SIC-219;Bounce House Combo 100;http://35.161.218.27/wordpress/wordpress/index.php/product/bounce-house-combo-100/;"WEIGHT: 325LBS

HEIGHT: 15'

WIDTH: 17'

LENGTH: 16'";;;;;http://35.161.218.27/wordpress/wordpress/wp-content/uploads/2016/11/sic-219.jpg
SIC-218;Bounce House Combo 99;http://35.161.218.27/wordpress/wordpress/index.php/product/bounce-house-combo-99/;"WEIGHT: 325LBS

HEIGHT: 15'

WIDTH: 17'

LENGTH: 16'";;;;;http://35.161.218.27/wordpress/wordpress/wp-content/uploads/2016/11/sic-218.jpg
SIC-217;"Bounce House Combo 98 &#8211; Model D";http://35.161.218.27/wordpress/wordpress/index.php/product/bounce-house-combo-98-model-d/;"WEIGHT: 210LBS

HEIGHT: 15'

WIDTH: 15'

LENGTH: 16'";;;;;http://35.161.218.27/wordpress/wordpress/wp-content/uploads/2016/11/sic-217.jpg
SIC-227;Bounce House Combo 108;http://35.161.218.27/wordpress/wordpress/index.php/product/bounce-house-combo-108/;"WEIGHT: 425LBS

HEIGHT: 16'

WIDTH: 18'

LENGTH: 18'";;;;;http://35.161.218.27/wordpress/wordpress/wp-content/uploads/2016/11/SIC-227.jpg
SIC-216;"Bounce House Combo 98 &#8211; Model C";http://35.161.218.27/wordpress/wordpress/index.php/product/bounce-house-combo-98-model-c/;"WEIGHT: 210LBS

HEIGHT: 15'

WIDTH: 15'

LENGTH: 16'";;;;;http://35.161.218.27/wordpress/wordpress/wp-content/uploads/2016/11/sic-216.jpg
SIC-215;"Bounce House Combo 98 &#8211; Model B";http://35.161.218.27/wordpress/wordpress/index.php/product/bounce-house-combo-98-2/;"WEIGHT: 210LBS

HEIGHT: 15'

WIDTH: 15'

LENGTH: 16'";;;;;http://35.161.218.27/wordpress/wordpress/wp-content/uploads/2016/11/sic-215.jpg
SIC-226;Bounce House Combo 107;http://35.161.218.27/wordpress/wordpress/index.php/product/bounce-house-combo-107/;"WEIGHT: 425LBS

HEIGHT: 16'

WIDTH: 18'

LENGTH: 18'";;;;;http://35.161.218.27/wordpress/wordpress/wp-content/uploads/2016/11/bouncehousecombo107.jpg
SIC-214;"Bounce House Combo 98 &#8211; Model A";http://35.161.218.27/wordpress/wordpress/index.php/product/bounce-house-combo-98/;"WEIGHT: 280LBS

HEIGHT: 15'

WIDTH: 15'

LENGTH: 16'";;;;;http://35.161.218.27/wordpress/wordpress/wp-content/uploads/2016/11/sic-214.jpg
;test product;http://35.161.218.27/wordpress/wordpress/index.php/product/test-product__trashed/;test description;;;;;
